ID,Ime,Priimek,Email
1,Arvie,M'cowis,amcowis0@goo.ne.jp
2,Amalita,Skellorne,askellorne1@weebly.com
3,Ludvig,Garnsworthy,lgarnsworthy2@stanford.edu
4,Gustaf,Latta,glatta3@fastcompany.com
5,Lenna,Acome,lacome4@mapquest.com
6,Dorothee,Bonus,dbonus5@etsy.com
7,Korella,Fernihough,kfernihough6@noaa.gov
8,Dareen,Rafferty,drafferty7@phpbb.com
9,Isa,Reckus,ireckus8@cdbaby.com
10,Elna,Huerta,ehuerta9@salon.com
11,Barbey,Moules,bmoulesa@g.co
12,Natasha,Rump,nrumpb@theglobeandmail.com
13,Vinni,Ollington,vollingtonc@yale.edu
14,Riva,McQuirk,rmcquirkd@umich.edu
15,Shaine,Poltun,spoltune@parallels.com
16,Rolph,Drillingcourt,rdrillingcourtf@wunderground.com
17,Brittani,Heskey,bheskeyg@dell.com
18,Corri,Seely,cseelyh@google.de
19,Cathryn,Wehnerr,cwehnerri@google.pl
20,Anallise,Broyd,abroydj@jalbum.net
21,Estrella,Piccard,epiccardk@ucsd.edu
22,Zena,Maylin,zmaylinl@hhs.gov
23,Rickard,Dewer,rdewerm@go.com
24,Edwin,Walles,ewallesn@flavors.me
25,Lucila,Witter,lwittero@hubpages.com
26,Marabel,Franzel,mfranzelp@php.net
27,Shaw,Kimmince,skimminceq@ihg.com
28,Rickert,Tuxwell,rtuxwellr@oaic.gov.au
29,Ludvig,McCritichie,lmccritichies@marketwatch.com
30,Lelah,Jesteco,ljestecot@bloglovin.com
31,Annamarie,McGaugan,amcgauganu@arstechnica.com
32,Murry,Aspole,maspolev@vk.com
33,Nadya,Trinbey,ntrinbeyw@unblog.fr
34,Sanford,Aloway,salowayx@cloudflare.com
35,Fedora,Bracknell,fbracknelly@bbc.co.uk
36,Gayla,Etchell,getchellz@businesswire.com
37,Theodosia,Manna,tmanna10@examiner.com
38,Dorita,Standage,dstandage11@miitbeian.gov.cn
39,Ivett,Keirle,ikeirle12@ted.com
40,Risa,Billie,rbillie13@istockphoto.com
41,Gothart,Godilington,ggodilington14@loc.gov
42,Darnell,Skinn,dskinn15@seesaa.net
43,Randene,Demschke,rdemschke16@seesaa.net
44,Sada,Sinderland,ssinderland17@oracle.com
45,Heath,Weekley,hweekley18@uol.com.br
46,Rosemonde,MacGown,rmacgown19@pen.io
47,Morissa,Milmoe,mmilmoe1a@google.fr
48,Noll,Prinn,nprinn1b@so-net.ne.jp
49,Fidelia,Jeaffreson,fjeaffreson1c@pbs.org
50,Hedvig,Banthorpe,hbanthorpe1d@tinyurl.com
51,Ortensia,Buller,obuller1e@biblegateway.com
52,Daffy,Jozefowicz,djozefowicz1f@usgs.gov
53,Claudian,Donne,cdonne1g@admin.ch
54,Eberhard,McJerrow,emcjerrow1h@usa.gov
55,Niles,Hempshall,nhempshall1i@springer.com
56,Jaymie,Mullins,jmullins1j@dyndns.org
57,Marybelle,Thomasson,mthomasson1k@yellowbook.com
58,Walker,Martel,wmartel1l@sogou.com
59,Christoph,Jedrzejczak,cjedrzejczak1m@msu.edu
60,Kala,Lewins,klewins1n@spiegel.de
61,Dave,Baty,dbaty1o@admin.ch
62,Finn,Bartomieu,fbartomieu1p@imdb.com
63,Anderea,Powner,apowner1q@marriott.com
64,Thedric,Watkiss,twatkiss1r@rediff.com
65,Luz,Bruneton,lbruneton1s@ted.com
66,Rollin,Berthouloume,rberthouloume1t@marriott.com
67,Hulda,Bonelle,hbonelle1u@trellian.com
68,Marika,Laxton,mlaxton1v@jimdo.com
69,Sig,Botger,sbotger1w@blogspot.com
70,Kakalina,Johananoff,kjohananoff1x@printfriendly.com
71,Camilla,Twigger,ctwigger1y@skyrock.com
72,Addi,Landeaux,alandeaux1z@flickr.com
73,Abby,Dalling,adalling20@marketwatch.com
74,Sybil,Cobbald,scobbald21@ifeng.com
75,Brigida,Alliband,balliband22@boston.com
76,Raynell,Mackerness,rmackerness23@baidu.com
77,Kathye,Dalligan,kdalligan24@dot.gov
78,Elysia,Jelkes,ejelkes25@studiopress.com
79,Enrica,McElory,emcelory26@joomla.org
80,Orlan,Balden,obalden27@ehow.com
81,Ursulina,Llewelyn,ullewelyn28@liveinternet.ru
82,Phineas,Tame,ptame29@unc.edu
83,Norris,Giblin,ngiblin2a@slate.com
84,Krystal,Gollin,kgollin2b@who.int
85,Jacklin,Bowen,jbowen2c@nifty.com
86,Afton,Fussie,afussie2d@reverbnation.com
87,Dory,Colleford,dcolleford2e@yahoo.co.jp
88,Raeann,Wiggins,rwiggins2f@sakura.ne.jp
89,Barrie,Potbury,bpotbury2g@stumbleupon.com
90,Rinaldo,Farnell,rfarnell2h@chron.com
91,Bartholomew,Corns,bcorns2i@wunderground.com
92,Gerhard,Salan,gsalan2j@gizmodo.com
93,Sue,Kubasek,skubasek2k@jalbum.net
94,Jeanna,Harmstone,jharmstone2l@noaa.gov
95,Nanon,Camilli,ncamilli2m@howstuffworks.com
96,Maxie,Carloni,mcarloni2n@jiathis.com
97,Lanita,Kayes,lkayes2o@businessweek.com
98,Bobby,Rosenstengel,brosenstengel2p@bloomberg.com
99,Elana,Preto,epreto2q@census.gov
100,Ulric,Dimnage,udimnage2r@purevolume.com
101,Templeton,Hubach,thubach2s@naver.com
102,Dagmar,Garnsworthy,dgarnsworthy2t@globo.com
103,Nananne,Leibold,nleibold2u@vistaprint.com
104,Carolin,Hathway,chathway2v@admin.ch
105,Darrell,Swaby,dswaby2w@prweb.com
106,Lanette,Tomasini,ltomasini2x@google.nl
107,Teresa,Horsefield,thorsefield2y@digg.com
108,Enrica,Tong,etong2z@blinklist.com
109,Ferdy,Legrice,flegrice30@apache.org
110,Stanislaus,Alesio,salesio31@themeforest.net
111,Jereme,Orviss,jorviss32@weibo.com
112,Jessalyn,Flay,jflay33@vkontakte.ru
113,Katinka,Jorissen,kjorissen34@ifeng.com
114,Valle,Doree,vdoree35@telegraph.co.uk
115,Serene,Tooley,stooley36@icio.us
116,Kirby,Latour,klatour37@storify.com
117,Carolus,Shine,cshine38@upenn.edu
118,Nathaniel,Noore,nnoore39@4shared.com
119,Grenville,Giovanetti,ggiovanetti3a@devhub.com
120,Andreas,Lambin,alambin3b@naver.com
121,Enrichetta,Yanyshev,eyanyshev3c@nih.gov
122,Parke,Towne,ptowne3d@bloglines.com
123,Wendi,Monkman,wmonkman3e@usda.gov
124,Geneva,Upson,gupson3f@msu.edu
125,Arch,Doxey,adoxey3g@geocities.jp
126,Horten,Clohessy,hclohessy3h@ft.com
127,Paule,Serchwell,pserchwell3i@ebay.co.uk
128,Lorilee,Downgate,ldowngate3j@unesco.org
129,Jarib,Spinas,jspinas3k@indiatimes.com
130,Hanson,Lassey,hlassey3l@over-blog.com
131,Karna,Leyton,kleyton3m@cbsnews.com
132,Steffie,Chattey,schattey3n@geocities.jp
133,Nevile,Ceci,nceci3o@nps.gov
134,Miguel,Jeckell,mjeckell3p@webs.com
135,Fay,Oxe,foxe3q@cafepress.com
136,Aymer,Yele,ayele3r@instagram.com
137,Bennie,Loosemore,bloosemore3s@youtu.be
138,Del,Hotson,dhotson3t@cpanel.net
139,Sheeree,Stanlock,sstanlock3u@netscape.com
140,Dorelia,Mole,dmole3v@istockphoto.com
141,Lisa,Brogioni,lbrogioni3w@aol.com
142,Viv,Lishman,vlishman3x@harvard.edu
143,Alexandra,Sambells,asambells3y@soup.io
144,Sarine,Rozenzweig,srozenzweig3z@baidu.com
145,Eliza,Patience,epatience40@hp.com
146,Ailsun,Revie,arevie41@last.fm
147,Luke,Kondratowicz,lkondratowicz42@purevolume.com
148,Bethany,Birchenhead,bbirchenhead43@wunderground.com
149,Gregg,Samme,gsamme44@house.gov
150,Brittany,Beardwell,bbeardwell45@dagondesign.com
151,Isabella,Redrup,iredrup46@google.cn
152,Janey,Jodlkowski,jjodlkowski47@who.int
153,Lisha,Elcott,lelcott48@sun.com
154,Yolanda,Batts,ybatts49@1688.com
155,Marilin,Landman,mlandman4a@miibeian.gov.cn
156,Audie,Crose,acrose4b@elpais.com
157,Fiona,Solesbury,fsolesbury4c@utexas.edu
158,Agatha,Itzhaiek,aitzhaiek4d@sohu.com
159,Philly,Chiswell,pchiswell4e@ezinearticles.com
160,Kennan,Gullen,kgullen4f@dmoz.org
161,Husein,Pittoli,hpittoli4g@un.org
162,Felecia,Carlisi,fcarlisi4h@china.com.cn
163,Linea,Mossman,lmossman4i@yahoo.co.jp
164,Cordula,Pirt,cpirt4j@google.de
165,Netty,Baggallay,nbaggallay4k@pagesperso-orange.fr
166,Henrie,Kitcher,hkitcher4l@vk.com
167,Cecilio,Whyatt,cwhyatt4m@harvard.edu
168,Kip,Smallpiece,ksmallpiece4n@rakuten.co.jp
169,Maurine,Mayoral,mmayoral4o@opera.com
170,Rhea,Poyser,rpoyser4p@pcworld.com
171,Consuelo,Wallsworth,cwallsworth4q@macromedia.com
172,Zebedee,Frentz,zfrentz4r@51.la
173,Lyndy,Sikora,lsikora4s@dropbox.com
174,Bella,Halvosen,bhalvosen4t@comsenz.com
175,Lucas,Tisor,ltisor4u@tuttocitta.it
176,Coriss,Duling,cduling4v@gravatar.com
177,Violetta,Elmar,velmar4w@miitbeian.gov.cn
178,Hobart,Mandrake,hmandrake4x@hibu.com
179,Robbi,Danshin,rdanshin4y@dailymail.co.uk
180,Kyle,Bourgourd,kbourgourd4z@storify.com
181,Vivyan,Aleksankin,valeksankin50@nba.com
182,Ansel,Padrick,apadrick51@lulu.com
183,Zsazsa,Leacock,zleacock52@wsj.com
184,Luis,Bacup,lbacup53@umn.edu
185,Pearla,Bankes,pbankes54@army.mil
186,Issi,Dikles,idikles55@msu.edu
187,Wilfred,Shoulders,wshoulders56@zimbio.com
188,Irwin,Brunone,ibrunone57@hostgator.com
189,Stanton,Vallender,svallender58@weather.com
190,Charles,Eager,ceager59@hostgator.com
191,Robinson,Yakovliv,ryakovliv5a@clickbank.net
192,Angelika,Lurcock,alurcock5b@trellian.com
193,Stepha,Hutsby,shutsby5c@mashable.com
194,Abel,Bygraves,abygraves5d@plala.or.jp
195,Kylynn,Pike,kpike5e@slate.com
196,Lew,Curtain,lcurtain5f@goo.ne.jp
197,Inez,MacPike,imacpike5g@ebay.com
198,Ilario,Sparrowhawk,isparrowhawk5h@netlog.com
199,Dore,Minillo,dminillo5i@exblog.jp
200,Art,Batrop,abatrop5j@msn.com
201,Starlin,Noir,snoir5k@studiopress.com
202,Gasparo,Howsley,ghowsley5l@statcounter.com
203,Loutitia,Paulusch,lpaulusch5m@weibo.com
204,Inge,Collick,icollick5n@zimbio.com
205,Herold,Matteuzzi,hmatteuzzi5o@redcross.org
206,Den,Buttrum,dbuttrum5p@live.com
207,Clara,Gwyneth,cgwyneth5q@guardian.co.uk
208,Bree,Snelling,bsnelling5r@upenn.edu
209,Sylas,Pleager,spleager5s@blogtalkradio.com
210,Ludovico,Kos,lkos5t@springer.com
211,Jilly,Iliff,jiliff5u@washington.edu
212,Cal,Lamberti,clamberti5v@sogou.com
213,Sue,Rangell,srangell5w@liveinternet.ru
214,Berthe,Ferguson,bferguson5x@goo.ne.jp
215,Morganne,Sayce,msayce5y@economist.com
216,Angela,Mackriell,amackriell5z@bigcartel.com
217,Brenn,Kulver,bkulver60@smh.com.au
218,Elijah,Bleckly,ebleckly61@lulu.com
219,Lyssa,Staniland,lstaniland62@symantec.com
220,Leonerd,Soanes,lsoanes63@zdnet.com
221,Si,Jandl,sjandl64@constantcontact.com
222,Bari,Chartman,bchartman65@weebly.com
223,Nolly,Tackley,ntackley66@soup.io
224,Celestine,Doulton,cdoulton67@nasa.gov
225,Kiel,Sporgeon,ksporgeon68@csmonitor.com
226,Pepillo,Ackery,packery69@mac.com
227,Jeanelle,Yousef,jyousef6a@blinklist.com
228,Leelah,Olivo,lolivo6b@networkadvertising.org
229,Eddie,Kenford,ekenford6c@thetimes.co.uk
230,Trent,Perry,tperry6d@addthis.com
231,Winne,Hanscombe,whanscombe6e@businessweek.com
232,Richie,Elderfield,relderfield6f@webs.com
233,Lin,Epton,lepton6g@nymag.com
234,Gauthier,MacAlister,gmacalister6h@loc.gov
235,Keriann,Tolerton,ktolerton6i@vk.com
236,Seamus,Jaquet,sjaquet6j@artisteer.com
237,Frazer,Alderson,falderson6k@networksolutions.com
238,Franz,De la Feld,fdelafeld6l@elegantthemes.com
239,Byron,Gauvin,bgauvin6m@eepurl.com
240,Berkie,McMichell,bmcmichell6n@so-net.ne.jp
241,Fairlie,Wenman,fwenman6o@ucla.edu
242,Felizio,Cheyne,fcheyne6p@privacy.gov.au
243,Alexi,Lightbown,alightbown6q@upenn.edu
244,Judd,Swatland,jswatland6r@hatena.ne.jp
245,Nerissa,Davitashvili,ndavitashvili6s@imdb.com
246,Weber,Thalmann,wthalmann6t@wikipedia.org
247,Whitby,Marvel,wmarvel6u@exblog.jp
248,Franklin,Twinning,ftwinning6v@ovh.net
249,Eldin,Filinkov,efilinkov6w@home.pl
250,Rosette,Finlow,rfinlow6x@ca.gov
251,Avram,Sparrowhawk,asparrowhawk6y@tinyurl.com
252,Hadley,Beacon,hbeacon6z@aboutads.info
253,Cash,Gladwell,cgladwell70@devhub.com
254,Josephine,Debling,jdebling71@statcounter.com
255,Cornelius,Swinn,cswinn72@census.gov
256,Templeton,Smalley,tsmalley73@epa.gov
257,Verna,Simanek,vsimanek74@xrea.com
258,Miller,Darkin,mdarkin75@last.fm
259,Lorna,Flatte,lflatte76@apple.com
260,Lucita,Bufton,lbufton77@chron.com
261,Chick,Ginnane,cginnane78@angelfire.com
262,Toddie,Delbergue,tdelbergue79@state.gov
263,Rafael,Defrain,rdefrain7a@360.cn
264,Aimil,Sturton,asturton7b@comcast.net
265,Gert,Beringer,gberinger7c@icq.com
266,Hedvig,Kibbee,hkibbee7d@msu.edu
267,Alejandrina,Kochl,akochl7e@ihg.com
268,Carney,De'Ath,cdeath7f@joomla.org
269,Hurlee,Cicco,hcicco7g@ucla.edu
270,Amelita,Headly,aheadly7h@apache.org
271,Farrell,Sprey,fsprey7i@netscape.com
272,Silvie,Goter,sgoter7j@hhs.gov
273,Jayson,Skpsey,jskpsey7k@ocn.ne.jp
274,Lil,Skeemor,lskeemor7l@nytimes.com
275,Gamaliel,Scrauniage,gscrauniage7m@bandcamp.com
276,Dolf,Pattillo,dpattillo7n@va.gov
277,Jon,Lowin,jlowin7o@altervista.org
278,Bernetta,Greenroa,bgreenroa7p@berkeley.edu
279,Tyne,Jubb,tjubb7q@nifty.com
280,Petrina,Botger,pbotger7r@acquirethisname.com
281,Gordy,Jaulmes,gjaulmes7s@tamu.edu
282,Mercie,Gantlett,mgantlett7t@scientificamerican.com
283,Kathlin,Breche,kbreche7u@parallels.com
284,Stephine,Tatem,statem7v@rediff.com
285,Andriette,Custy,acusty7w@youku.com
286,Dreddy,McTavish,dmctavish7x@smugmug.com
287,Orelia,Waplinton,owaplinton7y@meetup.com
288,Putnem,Newey,pnewey7z@zdnet.com
289,Aloise,Shetliff,ashetliff80@sciencedirect.com
290,Earl,Woodham,ewoodham81@topsy.com
291,Conrade,Stonebanks,cstonebanks82@techcrunch.com
292,Aggi,O'Teague,aoteague83@samsung.com
293,Lizzie,Le Sieur,llesieur84@yolasite.com
294,Berenice,Langmuir,blangmuir85@cargocollective.com
295,Trumann,McAusland,tmcausland86@tumblr.com
296,Jackqueline,Blackie,jblackie87@google.pl
297,Hasheem,Wright,hwright88@ftc.gov
298,Brodie,Bawles,bbawles89@hexun.com
299,Simon,Watkinson,swatkinson8a@desdev.cn
300,Mirabelle,Demsey,mdemsey8b@blogger.com
301,Ophelie,Knowlson,oknowlson8c@1688.com
302,Land,Dixson,ldixson8d@seattletimes.com
303,Benedetta,Waber,bwaber8e@pcworld.com
304,Bruce,Tomley,btomley8f@slate.com
305,Prisca,Coyish,pcoyish8g@youku.com
306,Haleigh,Yanshinov,hyanshinov8h@adobe.com
307,Raimundo,Gristhwaite,rgristhwaite8i@storify.com
308,Xerxes,Sigsworth,xsigsworth8j@trellian.com
309,Tanner,Mackiewicz,tmackiewicz8k@imgur.com
310,Edvard,Meaders,emeaders8l@youtube.com
311,Hedi,Blencowe,hblencowe8m@addtoany.com
312,Ann-marie,Belvard,abelvard8n@google.es
313,Rhetta,Werny,rwerny8o@msu.edu
314,Saxe,Stickells,sstickells8p@si.edu
315,Brunhilda,Ewins,bewins8q@google.ru
316,Dyan,Ferrotti,dferrotti8r@baidu.com
317,Dierdre,Lassells,dlassells8s@baidu.com
318,Marti,Izaac,mizaac8t@arizona.edu
319,Jacklin,Warcup,jwarcup8u@whitehouse.gov
320,Tommie,Rowledge,trowledge8v@wisc.edu
321,Vinson,Silverthorne,vsilverthorne8w@elegantthemes.com
322,Halette,Pedroli,hpedroli8x@icq.com
323,Sarah,Measham,smeasham8y@simplemachines.org
324,Clio,Faithfull,cfaithfull8z@free.fr
325,Gradeigh,Beaver,gbeaver90@webmd.com
326,Grantley,Hartzogs,ghartzogs91@goo.ne.jp
327,Cristi,Shilstone,cshilstone92@whitehouse.gov
328,Abigail,Wenzel,awenzel93@apple.com
329,Blondell,Flear,bflear94@redcross.org
330,Theo,Sallows,tsallows95@chronoengine.com
331,Debby,Korneichik,dkorneichik96@oakley.com
332,Ryley,Gerardi,rgerardi97@webnode.com
333,Elmira,Powrie,epowrie98@miibeian.gov.cn
334,Godfry,Klimshuk,gklimshuk99@miitbeian.gov.cn
335,Saunders,Fritter,sfritter9a@domainmarket.com
336,Renaldo,Dyton,rdyton9b@va.gov
337,Jamie,Darthe,jdarthe9c@walmart.com
338,Frans,De Banke,fdebanke9d@walmart.com
339,Brunhilda,Hedworth,bhedworth9e@usgs.gov
340,Melitta,Squirrel,msquirrel9f@ucoz.ru
341,Ladonna,Manclark,lmanclark9g@paginegialle.it
342,Malinda,Hagley,mhagley9h@clickbank.net
343,Magnum,Bauldry,mbauldry9i@histats.com
344,Toni,Pikhno,tpikhno9j@buzzfeed.com
345,Brigg,Gelsthorpe,bgelsthorpe9k@cdc.gov
346,Nancee,Raffan,nraffan9l@engadget.com
347,Daron,Philbin,dphilbin9m@networksolutions.com
348,Evaleen,Raistrick,eraistrick9n@yahoo.co.jp
349,Andros,Allso,aallso9o@fda.gov
350,Bayard,Trever,btrever9p@earthlink.net
351,Flossi,Paye,fpaye9q@vkontakte.ru
352,Beniamino,Killimister,bkillimister9r@soup.io
353,Fleurette,Sager,fsager9s@squidoo.com
354,Roch,Tomasian,rtomasian9t@dot.gov
355,Edyth,Sleep,esleep9u@imgur.com
356,Vitoria,Silvermann,vsilvermann9v@shareasale.com
357,Courtnay,Joss,cjoss9w@csmonitor.com
358,Mayne,Niece,mniece9x@npr.org
359,Amalita,Raft,araft9y@t.co
360,Puff,Concannon,pconcannon9z@hugedomains.com
361,Joanne,Balle,jballea0@tamu.edu
362,Misti,Pott,mpotta1@slashdot.org
363,Jamey,Flagg,jflagga2@chronoengine.com
364,Kimball,Cardenoza,kcardenozaa3@newsvine.com
365,Nance,Bastiman,nbastimana4@mashable.com
366,Leonelle,McCobb,lmccobba5@weibo.com
367,Jorie,Sewley,jsewleya6@theguardian.com
368,Johannah,Rudyard,jrudyarda7@csmonitor.com
369,Francene,Yakubovich,fyakubovicha8@de.vu
370,Avrom,Eisikowitz,aeisikowitza9@imdb.com
371,Germain,Cardoe,gcardoeaa@jalbum.net
372,Gannon,Macveigh,gmacveighab@weibo.com
373,Garland,Cortnay,gcortnayac@tmall.com
374,Susie,Tydeman,stydemanad@amazon.co.jp
375,Rodi,Schellig,rschelligae@admin.ch
376,Erich,Gullan,egullanaf@technorati.com
377,Gibby,Grafton-Herbert,ggraftonherbertag@google.cn
378,Worthington,McArley,wmcarleyah@ftc.gov
379,Bunny,Elen,belenai@blinklist.com
380,Porty,Casford,pcasfordaj@multiply.com
381,Timothy,Rawls,trawlsak@people.com.cn
382,Tish,Kincade,tkincadeal@printfriendly.com
383,Tod,Vanderplas,tvanderplasam@usda.gov
384,Dyann,Lucy,dlucyan@com.com
385,See,Marde,smardeao@aol.com
386,Kennedy,Emeney,kemeneyap@cyberchimps.com
387,Jacquette,Seven,jsevenaq@bluehost.com
388,Mireille,Kinnoch,mkinnochar@uol.com.br
389,Gisella,Howie,ghowieas@ebay.com
390,Angeline,Hrishchenko,ahrishchenkoat@flickr.com
391,Nola,Althrope,nalthropeau@gov.uk
392,Rinaldo,Deeprose,rdeeproseav@mozilla.org
393,Sylvester,Zeplin,szeplinaw@github.io
394,Merrily,Henriksson,mhenrikssonax@discovery.com
395,Timothy,Yuill,tyuillay@samsung.com
396,Kalinda,Ghiotto,kghiottoaz@sitemeter.com
397,Brian,Hof,bhofb0@sun.com
398,Adele,Northley,anorthleyb1@about.me
399,Trescha,Whittenbury,twhittenburyb2@i2i.jp
400,Hillary,Marron,hmarronb3@plala.or.jp
401,Wynn,Scotti,wscottib4@hexun.com
402,Fraser,Hardeman,fhardemanb5@columbia.edu
403,Billye,Casone,bcasoneb6@pinterest.com
404,Salli,Tompkins,stompkinsb7@rambler.ru
405,Tilda,Gewer,tgewerb8@sourceforge.net
406,Estevan,Overel,eoverelb9@dion.ne.jp
407,Virgil,Garratty,vgarrattyba@thetimes.co.uk
408,Mallissa,Cicchelli,mcicchellibb@nature.com
409,Magdalene,Bear,mbearbc@livejournal.com
410,Tierney,Chotty,tchottybd@ihg.com
411,Cherry,Tesseyman,ctesseymanbe@seattletimes.com
412,Seumas,Spinola,sspinolabf@cornell.edu
413,Berne,Garton,bgartonbg@yolasite.com
414,Rafaelia,O'Carrol,rocarrolbh@cdc.gov
415,Olivero,Diego,odiegobi@cloudflare.com
416,Marylee,Dunne,mdunnebj@cbslocal.com
417,Nelle,Tantrum,ntantrumbk@sphinn.com
418,Wilone,Petera,wpeterabl@ning.com
419,Abe,Roebottom,aroebottombm@google.com
420,Jany,Summerbell,jsummerbellbn@last.fm
421,Art,Kitcher,akitcherbo@biglobe.ne.jp
422,Eirena,Campany,ecampanybp@omniture.com
423,Goldie,Thecham,gthechambq@tripod.com
424,Tawsha,Lynes,tlynesbr@marketwatch.com
425,Cal,Ibberson,cibbersonbs@nasa.gov
426,Nikolai,Aubrun,naubrunbt@com.com
427,Farley,Cowsby,fcowsbybu@cnn.com
428,Daveta,Tryhorn,dtryhornbv@icq.com
429,Helen,Reah,hreahbw@deliciousdays.com
430,Codi,Aslie,casliebx@rakuten.co.jp
431,Eadie,Juschka,ejuschkaby@mysql.com
432,Annabal,Nyssens,anyssensbz@deliciousdays.com
433,Lowell,Carslaw,lcarslawc0@home.pl
434,Gene,Toffoletto,gtoffolettoc1@unesco.org
435,Wynn,Christensen,wchristensenc2@princeton.edu
436,Richardo,Attwooll,rattwoollc3@home.pl
437,Mick,Gascoigne,mgascoignec4@xinhuanet.com
438,Kathleen,Cinnamond,kcinnamondc5@hp.com
439,Rosetta,Wintersgill,rwintersgillc6@discovery.com
440,Zita,Osboldstone,zosboldstonec7@cyberchimps.com
441,Worth,Anstis,wanstisc8@flickr.com
442,Matthew,Castelain,mcastelainc9@toplist.cz
443,Dani,Davidy,ddavidyca@gnu.org
444,Sherlocke,Victory,svictorycb@vimeo.com
445,Demetra,Giampietro,dgiampietrocc@scribd.com
446,Marin,Hannah,mhannahcd@hc360.com
447,Edmund,Bembrick,ebembrickce@com.com
448,Josie,Clooney,jclooneycf@toplist.cz
449,Errick,Girling,egirlingcg@flavors.me
450,Tiebold,Willis,twillisch@redcross.org
451,Mirabel,Audrey,maudreyci@seesaa.net
452,Aloisia,Smewing,asmewingcj@cisco.com
453,Lindsay,Scaysbrook,lscaysbrookck@ask.com
454,Hashim,Thomasson,hthomassoncl@people.com.cn
455,Merissa,Ruston,mrustoncm@amazonaws.com
456,Bard,Jorger,bjorgercn@independent.co.uk
457,Anastassia,Maase,amaaseco@booking.com
458,Sara,Peregrine,speregrinecp@flickr.com
459,Robinette,McAuliffe,rmcauliffecq@rambler.ru
460,Kellen,Richie,krichiecr@forbes.com
461,Devin,Mellonby,dmellonbycs@tripadvisor.com
462,Ximenez,Welford,xwelfordct@princeton.edu
463,Sayer,Dockwray,sdockwraycu@google.fr
464,Josey,Fears,jfearscv@freewebs.com
465,Pepillo,Lattos,plattoscw@spotify.com
466,Selle,Bugg,sbuggcx@deviantart.com
467,Lazar,Brizell,lbrizellcy@blogs.com
468,Rikki,Bonaire,rbonairecz@ibm.com
469,Selle,Fouldes,sfouldesd0@macromedia.com
470,Aigneis,Jackways,ajackwaysd1@cyberchimps.com
471,Dal,Vedeniktov,dvedeniktovd2@furl.net
472,Fayette,Keepence,fkeepenced3@reference.com
473,Pen,Solloway,psollowayd4@technorati.com
474,Gerhard,Daybell,gdaybelld5@uiuc.edu
475,Merissa,Grimwad,mgrimwadd6@ebay.co.uk
476,Windy,Berkley,wberkleyd7@liveinternet.ru
477,Orlando,Jeffries,ojeffriesd8@yahoo.com
478,Hewet,Biswell,hbiswelld9@devhub.com
479,Felike,Rickwood,frickwoodda@wp.com
480,Garfield,Rothermel,grothermeldb@fastcompany.com
481,Olly,Crone,ocronedc@flavors.me
482,Talia,Bonniface,tbonnifacedd@biglobe.ne.jp
483,Leah,Twigger,ltwiggerde@ucla.edu
484,Loralyn,Whittaker,lwhittakerdf@hp.com
485,Zacharie,Bendall,zbendalldg@odnoklassniki.ru
486,Elke,Milburn,emilburndh@meetup.com
487,Nettie,Finders,nfindersdi@ustream.tv
488,Cyndi,Gaskins,cgaskinsdj@nbcnews.com
489,Jobina,Robert,jrobertdk@zdnet.com
490,Shanna,Mallinar,smallinardl@gravatar.com
491,Felicity,Pudge,fpudgedm@ihg.com
492,Morgana,Barstowk,mbarstowkdn@globo.com
493,Lianna,Oliveti,lolivetido@homestead.com
494,Laurie,Gillani,lgillanidp@sun.com
495,Aldon,McGinny,amcginnydq@un.org
496,Ryley,Savil,rsavildr@soup.io
497,Gabriellia,Leece,gleeceds@163.com
498,Vanya,Ginni,vginnidt@fema.gov
499,Michel,Vondrasek,mvondrasekdu@yolasite.com
500,Ammamaria,Watkiss,awatkissdv@omniture.com
501,Delano,Tough,dtoughdw@hubpages.com
502,Caspar,Sacher,csacherdx@dropbox.com
503,Keelby,Fleis,kfleisdy@washington.edu
504,Kimbell,Jurkowski,kjurkowskidz@wikispaces.com
505,Harv,Fordy,hfordye0@de.vu
506,Dougy,Dunnan,ddunnane1@washington.edu
507,Kerry,Parffrey,kparffreye2@amazon.co.uk
508,Audrye,Donaldson,adonaldsone3@imageshack.us
509,Ivar,Cahey,icaheye4@shutterfly.com
510,Casi,Kingsman,ckingsmane5@nsw.gov.au
511,Levin,Grzesiak,lgrzesiake6@disqus.com
512,Marlena,Biggs,mbiggse7@accuweather.com
513,Nona,Heal,nheale8@oakley.com
514,Tatiania,Patemore,tpatemoree9@51.la
515,Kandy,Ashpole,kashpoleea@sogou.com
516,Dorrie,Craighall,dcraighalleb@bloglines.com
517,Aland,Kerrane,akerraneec@webmd.com
518,Dacey,Osmar,dosmared@opera.com
519,Barbe,McBride,bmcbrideee@wix.com
520,Fabian,Dymidowicz,fdymidowiczef@biblegateway.com
521,Alon,Fassum,afassumeg@flickr.com
522,Tarah,Peplow,tpeploweh@sfgate.com
523,Nerty,Canny,ncannyei@ihg.com
524,Ailey,Darte,adarteej@hhs.gov
525,Magdalena,Thomson,mthomsonek@bluehost.com
526,Nikola,O'Dea,nodeael@infoseek.co.jp
527,Gabi,Cluderay,gcluderayem@blogs.com
528,Thekla,Hamill,thamillen@noaa.gov
529,Idalina,Albiston,ialbistoneo@scribd.com
530,Myrlene,Munro,mmunroep@house.gov
531,Gardener,Brimelow,gbrimeloweq@bizjournals.com
532,Anthe,Babbage,ababbageer@economist.com
533,Jodie,Fulkes,jfulkeses@ucsd.edu
534,Olivier,Annakin,oannakinet@huffingtonpost.com
535,Faunie,Rowly,frowlyeu@mit.edu
536,Diane,Plane,dplaneev@walmart.com
537,Homerus,Merrifield,hmerrifieldew@cornell.edu
538,Chuck,Pflieger,cpfliegerex@vistaprint.com
539,Guenevere,Wainman,gwainmaney@yale.edu
540,Henrie,Erb,herbez@delicious.com
541,Charin,Roze,crozef0@ftc.gov
542,Shepperd,O'Dee,sodeef1@mit.edu
543,Kermie,Hammonds,khammondsf2@shinystat.com
544,Edmund,Moloney,emoloneyf3@house.gov
545,Nelson,Ewing,newingf4@bbb.org
546,Norine,Bullough,nbulloughf5@prweb.com
547,Tabatha,Gianasi,tgianasif6@flavors.me
548,Viviyan,Spandley,vspandleyf7@sphinn.com
549,Joeann,Giraux,jgirauxf8@i2i.jp
550,Clare,Rannald,crannaldf9@java.com
551,Kalila,Cayser,kcayserfa@cam.ac.uk
552,Miles,Edds,meddsfb@cnn.com
553,Radcliffe,Stammer,rstammerfc@qq.com
554,Dex,Jack,djackfd@eepurl.com
555,Slade,Bentson,sbentsonfe@skyrock.com
556,Daune,Dukes,ddukesff@ted.com
557,Jamal,Barraclough,jbarracloughfg@guardian.co.uk
558,Hurlee,Jozsa,hjozsafh@berkeley.edu
559,Lexi,Clunan,lclunanfi@booking.com
560,Reagen,Ridgedell,rridgedellfj@twitter.com
561,Marcelo,Gawthorp,mgawthorpfk@hhs.gov
562,Arly,Blazy,ablazyfl@prlog.org
563,Culver,Kingzet,ckingzetfm@cafepress.com
564,Francene,Boick,fboickfn@canalblog.com
565,Frankie,Camili,fcamilifo@moonfruit.com
566,Kare,Silbermann,ksilbermannfp@aol.com
567,Moyna,Freckingham,mfreckinghamfq@wired.com
568,Waverly,Tutchings,wtutchingsfr@amazon.co.jp
569,Waldo,Melesk,wmeleskfs@seattletimes.com
570,Bryanty,Kundt,bkundtft@w3.org
571,Dori,Gelletly,dgelletlyfu@webmd.com
572,Welsh,Caplin,wcaplinfv@php.net
573,Wandis,Lambert,wlambertfw@marriott.com
574,Nichole,Kitchen,nkitchenfx@foxnews.com
575,Jdavie,Bickers,jbickersfy@facebook.com
576,Worth,MacIlriach,wmacilriachfz@narod.ru
577,Patience,Postles,ppostlesg0@usa.gov
578,Melita,Colls,mcollsg1@istockphoto.com
579,Christye,Wolledge,cwolledgeg2@php.net
580,Rickard,Hadwin,rhadwing3@army.mil
581,Ado,Donegan,adonegang4@biblegateway.com
582,Maude,Scripture,mscriptureg5@newyorker.com
583,Vinson,Blankenship,vblankenshipg6@list-manage.com
584,Kassandra,Phillipson,kphillipsong7@behance.net
585,Christan,Ilyinski,cilyinskig8@purevolume.com
586,Derrek,Shard,dshardg9@springer.com
587,Norah,Sylvaine,nsylvainega@flickr.com
588,Livia,Dimbleby,ldimblebygb@ow.ly
589,Arly,Portail,aportailgc@github.com
590,Fonz,Cammock,fcammockgd@intel.com
591,Gaile,Dugan,gdugange@squidoo.com
592,Graehme,Sherington,gsheringtongf@irs.gov
593,Larina,Cavanagh,lcavanaghgg@bizjournals.com
594,Susi,Vassar,svassargh@altervista.org
595,Frannie,Finnemore,ffinnemoregi@miibeian.gov.cn
596,Solly,Mountcastle,smountcastlegj@oakley.com
597,Barny,Sowter,bsowtergk@bravesites.com
598,Stanislaus,Kolakowski,skolakowskigl@oakley.com
599,Justinn,Guiot,jguiotgm@prnewswire.com
600,Ario,Guymer,aguymergn@blogtalkradio.com
601,Sileas,Pinock,spinockgo@usatoday.com
602,Yancy,Yakovliv,yyakovlivgp@vk.com
603,Gail,Enbury,genburygq@posterous.com
604,Hester,Strong,hstronggr@wp.com
605,Mari,Somner,msomnergs@ocn.ne.jp
606,Roseline,Bayston,rbaystongt@hhs.gov
607,Kaia,Doddemeede,kdoddemeedegu@newsvine.com
608,Massimiliano,Minkin,mminkingv@tamu.edu
609,Merridie,Rayburn,mrayburngw@walmart.com
610,Aida,Arnold,aarnoldgx@printfriendly.com
611,Maureene,Cypler,mcyplergy@trellian.com
612,Marris,Petrazzi,mpetrazzigz@harvard.edu
613,Kristofor,Wreiford,kwreifordh0@elegantthemes.com
614,Jarad,Vedyashkin,jvedyashkinh1@bbb.org
615,Agosto,Madden,amaddenh2@nsw.gov.au
616,Catarina,Tomashov,ctomashovh3@g.co
617,Gena,Skeemer,gskeemerh4@hud.gov
618,Zorana,Hymas,zhymash5@shareasale.com
619,Grange,Dilke,gdilkeh6@webnode.com
620,Merlina,Simmers,msimmersh7@bbc.co.uk
621,Cassi,Pitchford,cpitchfordh8@berkeley.edu
622,Sven,Chavrin,schavrinh9@wufoo.com
623,Siana,Cuerdale,scuerdaleha@blogs.com
624,Pietrek,Millward,pmillwardhb@senate.gov
625,Kendell,Halburton,khalburtonhc@ihg.com
626,Michail,Chuney,mchuneyhd@homestead.com
627,Cecil,Rump,crumphe@usnews.com
628,Eleanora,Leser,eleserhf@google.co.uk
629,Florence,Heaphy,fheaphyhg@fc2.com
630,Jennie,Charlet,jcharlethh@boston.com
631,Isidro,McCrohon,imccrohonhi@wikia.com
632,Donaugh,Edington,dedingtonhj@histats.com
633,Madeleine,Aspray,masprayhk@about.com
634,Norrie,Simpkiss,nsimpkisshl@lycos.com
635,Noah,Livings,nlivingshm@japanpost.jp
636,Oswald,Alten,oaltenhn@slideshare.net
637,Cole,Hebborne,chebborneho@sohu.com
638,Marketa,Cleaveland,mcleavelandhp@berkeley.edu
639,Mechelle,Butchart,mbutcharthq@harvard.edu
640,Claire,Shewery,csheweryhr@wikispaces.com
641,Fanchette,Inger,fingerhs@time.com
642,Flory,Skeemor,fskeemorht@intel.com
643,Chere,Strudwick,cstrudwickhu@alibaba.com
644,Gardy,Dyball,gdyballhv@webmd.com
645,Lissa,Ratt,lratthw@list-manage.com
646,Carmine,McWhannel,cmcwhannelhx@loc.gov
647,Florri,Kidde,fkiddehy@nature.com
648,Roxine,Lefeaver,rlefeaverhz@walmart.com
649,Clementia,Dunnett,cdunnetti0@cbslocal.com
650,Humfrid,Kop,hkopi1@lulu.com
651,Emmy,Arundell,earundelli2@ftc.gov
652,Claudio,Stigers,cstigersi3@icq.com
653,Arabella,Croose,acroosei4@weather.com
654,Jelene,Manger,jmangeri5@go.com
655,Elwin,Trenchard,etrenchardi6@dot.gov
656,Marnia,Esgate,mesgatei7@yandex.ru
657,Chloris,Farnworth,cfarnworthi8@go.com
658,Sileas,Clemo,sclemoi9@smugmug.com
659,Craggy,Lowe,cloweia@bing.com
660,Addie,Trim,atrimib@kickstarter.com
661,Edeline,Lewcock,elewcockic@cnbc.com
662,Markus,Lishmund,mlishmundid@ibm.com
663,Hoebart,Haliburn,hhaliburnie@oaic.gov.au
664,Nerti,Hobbing,nhobbingif@sun.com
665,Maia,Netley,mnetleyig@free.fr
666,Gail,Bauduccio,gbauduccioih@ask.com
667,Ase,Ickovic,aickovicii@google.com.br
668,Lebbie,Parkisson,lparkissonij@java.com
669,Sarine,Baike,sbaikeik@craigslist.org
670,Broderic,Kuhnke,bkuhnkeil@telegraph.co.uk
671,Oates,Donnersberg,odonnersbergim@ftc.gov
672,Jesus,Maiden,jmaidenin@statcounter.com
673,Lorna,Corde,lcordeio@narod.ru
674,Corbin,Denisyev,cdenisyevip@jigsy.com
675,Ralina,Glassard,rglassardiq@instagram.com
676,Arty,Hoggan,ahogganir@facebook.com
677,Phillipe,Deverick,pdeverickis@gizmodo.com
678,Ode,Swanborrow,oswanborrowit@1688.com
679,Dylan,Verdun,dverduniu@si.edu
680,Craig,Riha,crihaiv@zdnet.com
681,Babb,Vecard,bvecardiw@posterous.com
682,Jermayne,Bellard,jbellardix@msu.edu
683,Jefferey,Camus,jcamusiy@qq.com
684,Reade,Self,rselfiz@goo.ne.jp
685,Herb,Kelby,hkelbyj0@icq.com
686,Cthrine,Bengtson,cbengtsonj1@miibeian.gov.cn
687,Paulina,Eskriett,peskriettj2@infoseek.co.jp
688,Tommie,Batiste,tbatistej3@hibu.com
689,Meagan,Oliver-Paull,moliverpaullj4@upenn.edu
690,Forest,Penson,fpensonj5@123-reg.co.uk
691,Cathrin,Treanor,ctreanorj6@columbia.edu
692,Sallyann,Borrowman,sborrowmanj7@skyrock.com
693,Hew,Piaggia,hpiaggiaj8@dion.ne.jp
694,Aldric,Hairsine,ahairsinej9@eventbrite.com
695,Rubin,Gammon,rgammonja@w3.org
696,Giustina,Cromie,gcromiejb@si.edu
697,Morgen,Beig,mbeigjc@youtu.be
698,Darda,Calderwood,dcalderwoodjd@google.co.uk
699,Emmet,MacMeeking,emacmeekingje@addtoany.com
700,Frederich,Moran,fmoranjf@salon.com
701,Lenora,Jenking,ljenkingjg@ucla.edu
702,Idette,Kolodziejski,ikolodziejskijh@1und1.de
703,Adolf,Lorence,alorenceji@hp.com
704,Foster,Laugheran,flaugheranjj@github.com
705,Griselda,Napper,gnapperjk@google.com
706,Trisha,Downey,tdowneyjl@china.com.cn
707,Gianni,Rickard,grickardjm@webeden.co.uk
708,Ignaz,Thake,ithakejn@posterous.com
709,Kattie,Haughin,khaughinjo@eepurl.com
710,Baird,Connaughton,bconnaughtonjp@eventbrite.com
711,Katti,Preene,kpreenejq@slideshare.net
712,Pedro,Fyldes,pfyldesjr@samsung.com
713,Midge,Radbourne,mradbournejs@tripod.com
714,Munroe,Coxen,mcoxenjt@chron.com
715,Bobbye,Abramov,babramovju@google.cn
716,Carlina,Dowglass,cdowglassjv@pinterest.com
717,Clark,Albarez,calbarezjw@foxnews.com
718,Pepita,Pawel,ppaweljx@samsung.com
719,Duffy,Garvan,dgarvanjy@elegantthemes.com
720,Kesley,Cremin,kcreminjz@aboutads.info
721,Lyndy,Heimes,lheimesk0@sohu.com
722,Ron,Huffer,rhufferk1@chicagotribune.com
723,Violante,Staker,vstakerk2@fotki.com
724,Valenka,Prydie,vprydiek3@naver.com
725,Waylon,Walenta,wwalentak4@seattletimes.com
726,Henrik,Scyner,hscynerk5@wisc.edu
727,Babb,Maleby,bmalebyk6@cocolog-nifty.com
728,Cyrillus,Umpleby,cumplebyk7@etsy.com
729,Abby,Marchelli,amarchellik8@photobucket.com
730,Trescha,Finker,tfinkerk9@wikimedia.org
731,Reamonn,Dood,rdoodka@census.gov
732,Briny,Bewshea,bbewsheakb@ebay.com
733,Evangelia,Moulden,emouldenkc@reverbnation.com
734,Rosalie,Berston,rberstonkd@google.com.hk
735,Brandy,Davydychev,bdavydychevke@webs.com
736,Silas,Coffin,scoffinkf@hhs.gov
737,Blayne,Patroni,bpatronikg@ca.gov
738,Becca,Frango,bfrangokh@ifeng.com
739,Krisha,Laytham,klaythamki@pen.io
740,Star,McKeand,smckeandkj@instagram.com
741,Dewie,McGeouch,dmcgeouchkk@constantcontact.com
742,Jimmie,Wilbud,jwilbudkl@fotki.com
743,Den,Duny,ddunykm@fda.gov
744,Myranda,Prigg,mpriggkn@mashable.com
745,Faulkner,Copcote,fcopcoteko@ow.ly
746,Ardyce,Squibe,asquibekp@hao123.com
747,Abbi,Scrimshaw,ascrimshawkq@bbb.org
748,Hedda,McCritichie,hmccritichiekr@networksolutions.com
749,Maddy,Dingle,mdingleks@ucsd.edu
750,Evonne,Aickin,eaickinkt@desdev.cn
751,Dre,Eskriet,deskrietku@homestead.com
752,Kissee,Brecknock,kbrecknockkv@com.com
753,Evvie,Hasely,ehaselykw@about.com
754,Cristina,Chazotte,cchazottekx@house.gov
755,Benedict,Cassie,bcassieky@wiley.com
756,Alasteir,Talby,atalbykz@hatena.ne.jp
757,Mia,Cobello,mcobellol0@businesswire.com
758,Ade,Zorener,azorenerl1@homestead.com
759,Torrin,Lasselle,tlassellel2@indiatimes.com
760,Tanner,Simioli,tsimiolil3@va.gov
761,Mort,Deeble,mdeeblel4@feedburner.com
762,Alecia,Rozanski,arozanskil5@dagondesign.com
763,Mill,Barrasse,mbarrassel6@ftc.gov
764,Korella,Valentelli,kvalentellil7@japanpost.jp
765,Adlai,Sutherby,asutherbyl8@storify.com
766,Sharon,Boot,sbootl9@nydailynews.com
767,Dion,Mateos,dmateosla@wired.com
768,Malachi,Shewan,mshewanlb@usda.gov
769,Lucho,Lightbody,llightbodylc@github.com
770,Gery,West,gwestld@addthis.com
771,Abbie,Dumbarton,adumbartonle@imdb.com
772,Dale,Mallabone,dmallabonelf@mlb.com
773,Welbie,Busson,wbussonlg@miibeian.gov.cn
774,Stacey,Tant,stantlh@friendfeed.com
775,Rosita,Polotti,rpolottili@cpanel.net
776,Derick,Luquet,dluquetlj@typepad.com
777,Sallyann,Libero,sliberolk@nih.gov
778,Petey,Smales,psmalesll@wiley.com
779,Ode,Gregg,ogregglm@bing.com
780,Kip,Tweedell,ktweedellln@stanford.edu
781,Sibella,Sloey,ssloeylo@berkeley.edu
782,Olivia,Beswetherick,obeswethericklp@yellowpages.com
783,Dennet,Grahame,dgrahamelq@nymag.com
784,Thibaut,Guinnane,tguinnanelr@harvard.edu
785,Maxim,Waker,mwakerls@livejournal.com
786,Belle,Schwerin,bschwerinlt@springer.com
787,Felisha,Olive,folivelu@abc.net.au
788,Dionisio,Willoway,dwillowaylv@livejournal.com
789,Darcee,Gomes,dgomeslw@amazon.com
790,Brice,Mattock,bmattocklx@blinklist.com
791,Bev,LLelweln,bllelwelnly@photobucket.com
792,Rodge,Cootes,rcooteslz@g.co
793,Erna,Herreran,eherreranm0@samsung.com
794,Gabbie,Juanes,gjuanesm1@g.co
795,Titus,McErlaine,tmcerlainem2@ebay.co.uk
796,Daryle,Glander,dglanderm3@usnews.com
797,Benni,Strowger,bstrowgerm4@narod.ru
798,Deidre,Staddon,dstaddonm5@ox.ac.uk
799,Hakim,Sayer,hsayerm6@theguardian.com
800,Enid,Alebrooke,ealebrookem7@123-reg.co.uk
801,Leesa,Wavish,lwavishm8@slate.com
802,Lowrance,Traylen,ltraylenm9@issuu.com
803,Kev,Saull,ksaullma@usda.gov
804,Cele,Shieber,cshiebermb@sohu.com
805,Susana,Grenter,sgrentermc@deviantart.com
806,Murvyn,Turbat,mturbatmd@sbwire.com
807,Dulsea,Jachimak,djachimakme@ustream.tv
808,Almire,Kelshaw,akelshawmf@chronoengine.com
809,Larissa,Keelan,lkeelanmg@google.de
810,Brigitte,Kench,bkenchmh@miitbeian.gov.cn
811,Finlay,Austing,faustingmi@ezinearticles.com
812,Nolly,Carney,ncarneymj@cbsnews.com
813,Rickie,Killough,rkilloughmk@merriam-webster.com
814,Nevil,Hartington,nhartingtonml@hibu.com
815,Holden,Alexsandrev,halexsandrevmm@fastcompany.com
816,Westbrooke,Carillo,wcarillomn@cdc.gov
817,Kerrie,Raisher,kraishermo@t.co
818,Genovera,Warner,gwarnermp@ted.com
819,Nadya,Clery,nclerymq@baidu.com
820,Malinda,Jonin,mjoninmr@epa.gov
821,Sonni,Croutear,scroutearms@google.it
822,Natasha,Rengger,nrenggermt@shinystat.com
823,Viola,Bellam,vbellammu@wordpress.com
824,Cymbre,Graveson,cgravesonmv@hp.com
825,Glenda,Harner,gharnermw@jalbum.net
826,Dolorita,Hugnet,dhugnetmx@jalbum.net
827,Aleksandr,Arkley,aarkleymy@bizjournals.com
828,Karylin,Baddam,kbaddammz@discovery.com
829,Reinaldos,Loughrey,rloughreyn0@sakura.ne.jp
830,Valeda,Kording,vkordingn1@github.io
831,Barn,Bartusek,bbartusekn2@elpais.com
832,Olga,Leeb,oleebn3@goo.ne.jp
833,Vito,Fink,vfinkn4@usa.gov
834,Binny,Winnard,bwinnardn5@nydailynews.com
835,Ophelia,MacGille,omacgillen6@facebook.com
836,Cathryn,Leasor,cleasorn7@google.com
837,Dennie,Baldcock,dbaldcockn8@addtoany.com
838,Taber,Roz,trozn9@zdnet.com
839,Cordie,Barnwall,cbarnwallna@cpanel.net
840,Vitoria,Camoys,vcamoysnb@cnbc.com
841,Janie,Redbourn,jredbournnc@squarespace.com
842,Roy,Lake,rlakend@theatlantic.com
843,Cecilla,Oswal,coswalne@yolasite.com
844,Allister,Kibel,akibelnf@disqus.com
845,Iseabal,Briskey,ibriskeyng@yahoo.com
846,Dorie,Shipley,dshipleynh@youku.com
847,Oren,Brydson,obrydsonni@tinyurl.com
848,Bernadina,Pavlik,bpavliknj@weather.com
849,Ty,Bartalini,tbartalinink@wiley.com
850,Orrin,Chansonne,ochansonnenl@skype.com
851,Hanna,Mingay,hmingaynm@reddit.com
852,Homer,Peto,hpetonn@delicious.com
853,Vaughn,Winman,vwinmanno@amazonaws.com
854,Tonnie,Harriss,tharrissnp@google.es
855,Martie,Jakobssen,mjakobssennq@fda.gov
856,Gaile,Suddaby,gsuddabynr@google.ru
857,Sapphira,Temperley,stemperleyns@fastcompany.com
858,Freda,De La Hay,fdelahaynt@fotki.com
859,Margarethe,Shenton,mshentonnu@1und1.de
860,Benji,Lytell,blytellnv@netvibes.com
861,Laetitia,Provost,lprovostnw@123-reg.co.uk
862,Laurianne,Fillon,lfillonnx@blog.com
863,Tabatha,Heeran,theeranny@rakuten.co.jp
864,Rosa,Hagger,rhaggernz@cloudflare.com
865,Ursala,Robic,urobico0@toplist.cz
866,Gwendolin,Smeed,gsmeedo1@webmd.com
867,Lena,Buist,lbuisto2@imageshack.us
868,Lacy,Mattiazzi,lmattiazzio3@themeforest.net
869,Leona,Wensley,lwensleyo4@fc2.com
870,Amity,Bernard,abernardo5@fastcompany.com
871,Giffard,Jolin,gjolino6@feedburner.com
872,Kalila,Sego,ksegoo7@symantec.com
873,Buckie,Conningham,bconninghamo8@nationalgeographic.com
874,Lesya,Saw,lsawo9@dropbox.com
875,Rogers,Tremollet,rtremolletoa@csmonitor.com
876,Skelly,Cattanach,scattanachob@nasa.gov
877,Nadine,Douty,ndoutyoc@so-net.ne.jp
878,Kameko,Moxted,kmoxtedod@delicious.com
879,Cordell,Stratford,cstratfordoe@rakuten.co.jp
880,Kelsy,Derx,kderxof@simplemachines.org
881,Sigvard,Blaskett,sblaskettog@vk.com
882,Hillier,Jeandin,hjeandinoh@home.pl
883,Annabel,Booker,abookeroi@biglobe.ne.jp
884,Kelvin,Lincoln,klincolnoj@economist.com
885,Henderson,Benedtti,hbenedttiok@dyndns.org
886,Coop,Brough,cbroughol@blogtalkradio.com
887,Carolus,Salery,csaleryom@homestead.com
888,Enoch,Houseman,ehousemanon@taobao.com
889,Mycah,Weddup,mweddupoo@scribd.com
890,Shepperd,Gianolo,sgianoloop@yellowbook.com
891,Brendin,Gudgin,bgudginoq@jugem.jp
892,Berty,Moral,bmoralor@xing.com
893,Mikael,Lorant,mlorantos@latimes.com
894,Misty,Hundey,mhundeyot@cafepress.com
895,Eadie,Charte,echarteou@guardian.co.uk
896,Flori,Tolerton,ftolertonov@bluehost.com
897,Denney,Aldridge,daldridgeow@about.me
898,Budd,Phidgin,bphidginox@networksolutions.com
899,Ogdon,Dobrovsky,odobrovskyoy@google.com.au
900,Elinore,Kynnd,ekynndoz@vistaprint.com
901,Teddie,Cream,tcreamp0@slideshare.net
902,Stanleigh,Ellerker,sellerkerp1@nba.com
903,Sutton,Coggeshall,scoggeshallp2@timesonline.co.uk
904,Ermin,Handes,ehandesp3@instagram.com
905,Agnola,Pretor,apretorp4@webs.com
906,Melisse,Syversen,msyversenp5@un.org
907,Uri,Heinssen,uheinssenp6@tuttocitta.it
908,Brigg,Tilmouth,btilmouthp7@archive.org
909,Ginny,Twycross,gtwycrossp8@mashable.com
910,Roderigo,Needs,rneedsp9@netlog.com
911,Griffith,Gimbrett,ggimbrettpa@altervista.org
912,Patric,Batch,pbatchpb@hhs.gov
913,Fernando,Gennerich,fgennerichpc@uiuc.edu
914,Eziechiele,Lambal,elambalpd@ocn.ne.jp
915,Karney,Giacopini,kgiacopinipe@nbcnews.com
916,Velma,Wooffinden,vwooffindenpf@hostgator.com
917,Nels,Walbrun,nwalbrunpg@sphinn.com
918,Emeline,Spelwood,espelwoodph@opensource.org
919,Washington,Mityushkin,wmityushkinpi@fda.gov
920,Kenny,Pawlick,kpawlickpj@mediafire.com
921,Athena,Mannock,amannockpk@ihg.com
922,Nial,Casolla,ncasollapl@people.com.cn
923,Vaughn,Chesters,vchesterspm@cocolog-nifty.com
924,Hoebart,Pawelek,hpawelekpn@cbslocal.com
925,Davey,Lenin,dleninpo@booking.com
926,Frederic,Haselgrove,fhaselgrovepp@blogspot.com
927,Dotti,Padefield,dpadefieldpq@dell.com
928,Sarita,Keaves,skeavespr@harvard.edu
929,Abraham,Van Der Weedenburg,avanderweedenburgps@nature.com
930,Pepillo,Burtwhistle,pburtwhistlept@list-manage.com
931,Merry,McDougall,mmcdougallpu@squidoo.com
932,Maybelle,Peniello,mpeniellopv@ocn.ne.jp
933,Aldrich,Lemmon,alemmonpw@webs.com
934,Felicio,Rowledge,frowledgepx@sina.com.cn
935,Selig,Pohl,spohlpy@a8.net
936,Dasie,Andrzejowski,dandrzejowskipz@walmart.com
937,Pamelina,Franses,pfransesq0@wsj.com
938,Carly,Denkin,cdenkinq1@telegraph.co.uk
939,Marice,Van der Hoeven,mvanderhoevenq2@squarespace.com
940,Collin,Tungate,ctungateq3@amazonaws.com
941,Valma,Winridge,vwinridgeq4@reddit.com
942,Deina,MacLaren,dmaclarenq5@clickbank.net
943,Verney,Brettel,vbrettelq6@dailymail.co.uk
944,Ezequiel,Landrick,elandrickq7@g.co
945,Sancho,Kardos-Stowe,skardosstoweq8@vinaora.com
946,Luigi,Marryatt,lmarryattq9@webeden.co.uk
947,Theressa,De Maine,tdemaineqa@bizjournals.com
948,Ferdinanda,Patshull,fpatshullqb@drupal.org
949,Marrilee,Mc Menamin,mmcmenaminqc@army.mil
950,Alessandro,Harness,aharnessqd@wunderground.com
951,Artemis,Loney,aloneyqe@nps.gov
952,Avigdor,Vickress,avickressqf@smh.com.au
953,Torin,Blakesley,tblakesleyqg@hugedomains.com
954,Pamelina,Burkart,pburkartqh@dell.com
955,Josy,Ballsdon,jballsdonqi@narod.ru
956,Kerri,Toovey,ktooveyqj@jigsy.com
957,Nestor,Warfield,nwarfieldqk@shinystat.com
958,Euell,Haslock(e),ehaslockeql@state.gov
959,Leontyne,Oxenbury,loxenburyqm@gmpg.org
960,Gamaliel,Phateplace,gphateplaceqn@unblog.fr
961,Maggee,Coalbran,mcoalbranqo@ft.com
962,Daisey,Toten,dtotenqp@msn.com
963,Kalina,Rubke,krubkeqq@purevolume.com
964,Sapphira,Middas,smiddasqr@devhub.com
965,Masha,Jarmaine,mjarmaineqs@wiley.com
966,Husein,Lendon,hlendonqt@trellian.com
967,Kasey,Stickel,kstickelqu@usa.gov
968,Shirlene,Dove,sdoveqv@google.com.hk
969,Jaime,Dwelley,jdwelleyqw@ning.com
970,Caleb,Yurtsev,cyurtsevqx@yahoo.com
971,Scott,Elsdon,selsdonqy@zimbio.com
972,Renault,Dickman,rdickmanqz@ft.com
973,Waylon,Tiron,wtironr0@nih.gov
974,Druci,Kleinberer,dkleinbererr1@theatlantic.com
975,Dalila,Cuckoo,dcuckoor2@stanford.edu
976,Kathie,Durling,kdurlingr3@squarespace.com
977,Lauren,Parysiak,lparysiakr4@histats.com
978,Juditha,Ramsdell,jramsdellr5@kickstarter.com
979,Yorker,Baskerville,ybaskerviller6@ebay.co.uk
980,Read,Pirot,rpirotr7@squarespace.com
981,Mallory,Assad,massadr8@cbslocal.com
982,Alyda,Rubinek,arubinekr9@accuweather.com
983,Violette,Kenan,vkenanra@weibo.com
984,Hillyer,Canny,hcannyrb@craigslist.org
985,Tyler,Ollarenshaw,tollarenshawrc@xrea.com
986,Leland,Blew,lblewrd@theglobeandmail.com
987,Walther,Blizard,wblizardre@webs.com
988,Irita,Kettlestringe,ikettlestringerf@imgur.com
989,Nicola,Kintish,nkintishrg@walmart.com
990,Lorine,MacClinton,lmacclintonrh@homestead.com
991,Jordanna,Alastair,jalastairri@noaa.gov
992,Kinnie,Molines,kmolinesrj@guardian.co.uk
993,Gisela,Skyram,gskyramrk@usgs.gov
994,Mendie,Fishlee,mfishleerl@addthis.com
995,Vinson,Annatt,vannattrm@mayoclinic.com
996,Les,Peacocke,lpeacockern@w3.org
997,Maude,Jeaycock,mjeaycockro@msn.com
998,Keene,Keppe,kkepperp@statcounter.com
999,Joceline,Ratchford,jratchfordrq@go.com
1000,Sergio,Kearford,skearfordrr@addthis.com
