ID,Ime,Priimek,Eposta,Cena,ID_uporabnika
1,Lavinia,Tigner,ltigner0@reference.com,5.17,1
2,Corny,Farthing,cfarthing1@paypal.com,6.68,2
3,Alexis,Gurg,agurg2@answers.com,28.38,3
4,Nappy,Lawrey,nlawrey3@loc.gov,0.86,4
5,Kary,Fireman,kfireman4@nydailynews.com,34.96,5
6,Hinda,Greenman,hgreenman5@tamu.edu,37.84,6
7,Liza,Prestage,lprestage6@bloomberg.com,16.08,7
8,Allene,Licas,alicas7@unesco.org,8.2,8
9,Bili,McCaster,bmccaster8@lycos.com,16.69,9
10,Neddy,Genny,ngenny9@xinhuanet.com,15.46,10
11,Melisande,Jelf,mjelfa@sfgate.com,13.46,11
12,Vyky,Penniall,vpenniallb@cdbaby.com,7.04,12
13,Daisie,Malec,dmalecc@salon.com,8.84,13
14,Heinrik,Janoch,hjanochd@narod.ru,6.17,14
15,Tove,Yarnall,tyarnalle@shareasale.com,35.86,15
16,Alon,Grahlman,agrahlmanf@sbwire.com,38.65,16
17,Nonnah,Willshere,nwillshereg@huffingtonpost.com,8.85,17
18,Rosalinde,Petegree,rpetegreeh@infoseek.co.jp,35.27,18
19,Jamima,Cosbey,jcosbeyi@aol.com,23.05,19
20,Denny,Sentance,dsentancej@canalblog.com,36.23,20
21,Codie,Chatain,cchataink@go.com,37.7,21
22,Ruby,Vermer,rvermerl@cyberchimps.com,17.39,22
23,Windy,Audus,waudusm@wix.com,43.35,23
24,Eadmund,Benne,ebennen@twitpic.com,26.23,24
25,Kearney,Belly,kbellyo@china.com.cn,47.78,25
26,Clemmie,Norquoy,cnorquoyp@flickr.com,20.3,26
27,Emery,Phelan,ephelanq@blog.com,12.41,27
28,Esteban,Daveran,edaveranr@nsw.gov.au,49.42,28
29,Garry,Woltman,gwoltmans@usgs.gov,48.61,29
30,Aleksandr,Antognoni,aantognonit@rediff.com,26.97,30
31,Lyndel,Cowtherd,lcowtherdu@storify.com,19.4,31
32,Kevin,Dibdin,kdibdinv@vistaprint.com,21.81,32
33,Padraic,Mansuer,pmansuerw@patch.com,42.36,33
34,Cate,Catterson,ccattersonx@hao123.com,5.7,34
35,Alfons,Lobley,alobleyy@oakley.com,41.12,35
36,Mira,Bollins,mbollinsz@europa.eu,8.47,36
37,Viviana,Edmondson,vedmondson10@dailymotion.com,39.72,37
38,Abbey,Hoggin,ahoggin11@flavors.me,8.27,38
39,Doralia,Benzi,dbenzi12@wikipedia.org,45.56,39
40,Tore,McGilvra,tmcgilvra13@discovery.com,35.31,40
41,Darin,Beazley,dbeazley14@unesco.org,13.03,41
42,Bo,Euler,beuler15@bloomberg.com,3.32,42
43,Judie,Ingliss,jingliss16@google.cn,17.61,43
44,Nada,Bearham,nbearham17@howstuffworks.com,9.03,44
45,Bourke,Crier,bcrier18@jimdo.com,5.31,45
46,Darrell,Dennehy,ddennehy19@163.com,6.86,46
47,Dela,Morteo,dmorteo1a@whitehouse.gov,19.24,47
48,Francisco,Lording,flording1b@t-online.de,18.96,48
49,Nan,Gwinn,ngwinn1c@opensource.org,15.26,49
50,Ivory,Chape,ichape1d@tinypic.com,35.56,50
51,Gael,Dursley,gdursley1e@yelp.com,35.58,51
52,Fanya,Marzelo,fmarzelo1f@psu.edu,12.56,52
53,Denis,Arbuckle,darbuckle1g@bbc.co.uk,16.05,53
54,Aaron,Chantillon,achantillon1h@yale.edu,28.49,54
55,Aleksandr,Chmarny,achmarny1i@tumblr.com,19.93,55
56,Gisella,Dayton,gdayton1j@state.tx.us,8.3,56
57,Marthena,Daymond,mdaymond1k@newsvine.com,26.43,57
58,Eddy,Matityahu,ematityahu1l@a8.net,14.1,58
59,Lilllie,Sunners,lsunners1m@ucsd.edu,25.19,59
60,Saloma,Ottey,sottey1n@list-manage.com,23.64,60
61,Burke,Gettins,bgettins1o@weebly.com,43.64,61
62,Carley,Sellman,csellman1p@pcworld.com,30.4,62
63,Carlo,Vandenhoff,cvandenhoff1q@wsj.com,0.63,63
64,Pearl,Duddle,pduddle1r@tripod.com,37.26,64
65,Augusto,Barense,abarense1s@businesswire.com,1.68,65
66,Ailee,De Mitris,ademitris1t@reference.com,32.49,66
67,Charmaine,Velez,cvelez1u@mac.com,44.8,67
68,Burgess,Burdfield,bburdfield1v@gov.uk,34.94,68
69,Hamel,Santer,hsanter1w@ameblo.jp,25.25,69
70,Garik,Strangeway,gstrangeway1x@disqus.com,34.06,70
71,Wendeline,Luff,wluff1y@timesonline.co.uk,35.15,71
72,Cecily,Yaxley,cyaxley1z@t.co,34.2,72
73,Delmor,Shrieves,dshrieves20@mapy.cz,49.0,73
74,Robbi,Drewitt,rdrewitt21@opensource.org,36.39,74
75,Susan,Vaughten,svaughten22@nps.gov,25.93,75
76,Trista,Klugman,tklugman23@scribd.com,0.51,76
77,Amby,Tilby,atilby24@cdbaby.com,20.06,77
78,Silvio,Alberts,salberts25@mit.edu,48.26,78
79,Krystal,Allman,kallman26@independent.co.uk,8.61,79
80,Arleen,Woolfoot,awoolfoot27@oracle.com,48.22,80
81,Mahalia,Hanhardt,mhanhardt28@sourceforge.net,14.63,81
82,Vitoria,Cappineer,vcappineer29@arizona.edu,18.5,82
83,Miles,Keunemann,mkeunemann2a@rakuten.co.jp,27.12,83
84,Thorvald,Ballsdon,tballsdon2b@wisc.edu,31.83,84
85,Elisabetta,Shevlin,eshevlin2c@shareasale.com,24.8,85
86,Milissent,McMinn,mmcminn2d@webeden.co.uk,37.36,86
87,Avictor,Byram,abyram2e@marriott.com,5.82,87
88,Cristine,Menear,cmenear2f@accuweather.com,46.12,88
89,Adiana,Bleasby,ableasby2g@w3.org,14.66,89
90,Zitella,Skepper,zskepper2h@yellowpages.com,9.84,90
91,Marilee,Fox,mfox2i@usnews.com,40.16,91
92,Natka,Scuffham,nscuffham2j@parallels.com,10.32,92
93,Hilary,Chateau,hchateau2k@people.com.cn,30.52,93
94,Kane,Proud,kproud2l@sphinn.com,49.33,94
95,Arvin,Bolland,abolland2m@networkadvertising.org,25.82,95
96,Yalonda,Kabsch,ykabsch2n@ted.com,14.25,96
97,Karl,Raycroft,kraycroft2o@hp.com,26.97,97
98,Eleanor,Blackborough,eblackborough2p@pagesperso-orange.fr,49.96,98
99,Torin,Bricklebank,tbricklebank2q@storify.com,26.66,99
100,Hyatt,Michelin,hmichelin2r@nationalgeographic.com,44.04,100
101,Helen-elizabeth,Blakeway,hblakeway2s@networksolutions.com,10.75,101
102,Addy,Scutching,ascutching2t@princeton.edu,28.63,102
103,Timoteo,Shergold,tshergold2u@over-blog.com,16.33,103
104,Claire,Kelcey,ckelcey2v@java.com,41.73,104
105,Arabela,Hobbing,ahobbing2w@kickstarter.com,35.74,105
106,Aurore,Pol,apol2x@tinyurl.com,10.53,106
107,Delora,Demicoli,ddemicoli2y@mapy.cz,9.09,107
108,Amalee,Martinie,amartinie2z@patch.com,16.63,108
109,Crystal,Pennycuick,cpennycuick30@shop-pro.jp,38.67,109
110,Violette,Denge,vdenge31@nhs.uk,23.65,110
111,Damiano,McGarel,dmcgarel32@blogs.com,21.67,111
112,Renard,Rosone,rrosone33@com.com,31.47,112
113,Reube,Standidge,rstandidge34@wunderground.com,5.03,113
114,Chrissie,Raisher,craisher35@stumbleupon.com,17.21,114
115,Sascha,Petrozzi,spetrozzi36@bloglovin.com,43.7,115
116,Celinda,Pinchbeck,cpinchbeck37@dyndns.org,27.54,116
117,Brooks,Reinger,breinger38@uiuc.edu,6.57,117
118,Charisse,Huglin,chuglin39@discuz.net,12.25,118
119,Robb,Bilofsky,rbilofsky3a@linkedin.com,30.37,119
120,Nan,Leathlay,nleathlay3b@liveinternet.ru,10.28,120
121,Hymie,Bellon,hbellon3c@google.ca,29.85,121
122,Maris,Ripley,mripley3d@digg.com,43.4,122
123,Luciano,Ashpole,lashpole3e@qq.com,45.37,123
124,Alick,Brilleman,abrilleman3f@youku.com,18.57,124
125,Bari,Firby,bfirby3g@wikispaces.com,1.32,125
126,Evita,Andrag,eandrag3h@msn.com,1.47,126
127,Barbe,Bambrick,bbambrick3i@skype.com,5.0,127
128,Lolita,Dunne,ldunne3j@washington.edu,32.25,128
129,Janella,Teasdale,jteasdale3k@discuz.net,20.93,129
130,Guthrie,Shave,gshave3l@bigcartel.com,11.45,130
131,Kyle,Alldread,kalldread3m@alexa.com,43.17,131
132,Tadeas,Tranmer,ttranmer3n@wiley.com,12.72,132
133,Abel,Reiners,areiners3o@newyorker.com,38.84,133
134,Diandra,Benezet,dbenezet3p@nytimes.com,34.1,134
135,Karalee,Kimmince,kkimmince3q@reuters.com,22.12,135
136,Farr,Banbury,fbanbury3r@github.com,9.47,136
137,Haskell,Tumilty,htumilty3s@wix.com,36.64,137
138,Biddie,Duffield,bduffield3t@i2i.jp,5.21,138
139,Aurore,Gladstone,agladstone3u@indiegogo.com,47.29,139
140,Austin,Crigin,acrigin3v@webnode.com,11.0,140
141,Charissa,Daines,cdaines3w@fc2.com,33.93,141
142,Rossie,Giaomozzo,rgiaomozzo3x@alexa.com,36.47,142
143,Nolan,Whitelaw,nwhitelaw3y@mit.edu,22.87,143
144,Ive,Shervil,ishervil3z@moonfruit.com,27.57,144
145,Eb,Inold,einold40@chron.com,45.79,145
146,Tomkin,Broseman,tbroseman41@lulu.com,18.21,146
147,Giralda,Walkley,gwalkley42@taobao.com,48.51,147
148,Electra,Prose,eprose43@arizona.edu,36.76,148
149,Felicdad,Penrose,fpenrose44@nytimes.com,2.29,149
150,Melli,Grasser,mgrasser45@opera.com,46.2,150
151,Johann,Roome,jroome46@networksolutions.com,41.48,151
152,Rocky,Lanchbery,rlanchbery47@ifeng.com,16.14,152
153,Missy,Camelin,mcamelin48@last.fm,0.49,153
154,Robbin,Laughrey,rlaughrey49@wordpress.com,39.88,154
155,Reeba,Lewsie,rlewsie4a@cargocollective.com,31.56,155
156,Thibaut,Bellchamber,tbellchamber4b@cnet.com,0.01,156
157,Winna,Derry,wderry4c@github.io,21.43,157
158,Vita,Woodyatt,vwoodyatt4d@biglobe.ne.jp,5.4,158
159,Max,Spight,mspight4e@php.net,12.6,159
160,Ariel,Nunn,anunn4f@kickstarter.com,3.54,160
161,Aubrey,Allman,aallman4g@youku.com,17.7,161
162,Lorrayne,Bussen,lbussen4h@telegraph.co.uk,39.41,162
163,Moll,Muskett,mmuskett4i@ibm.com,25.27,163
164,Maurizia,Spendlove,mspendlove4j@ihg.com,40.18,164
165,Matilde,Kays,mkays4k@phpbb.com,0.99,165
166,Nevins,MacCauley,nmaccauley4l@icq.com,14.21,166
167,Duncan,Shipcott,dshipcott4m@huffingtonpost.com,45.08,167
168,Ethyl,Josefsson,ejosefsson4n@reddit.com,35.59,168
169,Abraham,Heber,aheber4o@foxnews.com,47.82,169
170,Rees,Glaum,rglaum4p@ihg.com,45.56,170
171,Valida,Seamer,vseamer4q@freewebs.com,26.14,171
172,Othilie,Mosdell,omosdell4r@europa.eu,10.33,172
173,Ramsey,Loadwick,rloadwick4s@clickbank.net,7.65,173
174,Ardeen,Hrycek,ahrycek4t@microsoft.com,3.2,174
175,Stacie,Dwine,sdwine4u@addtoany.com,10.71,175
176,Ransom,Ruben,rruben4v@hubpages.com,0.63,176
177,Fidelio,Kuhn,fkuhn4w@aol.com,12.63,177
178,Clint,Minguet,cminguet4x@mit.edu,25.56,178
179,Sibley,Tregunnah,stregunnah4y@japanpost.jp,46.1,179
180,Rozanna,Crab,rcrab4z@ebay.com,32.6,180
181,Karil,Farlowe,kfarlowe50@woothemes.com,49.24,181
182,Garrik,Massot,gmassot51@phoca.cz,12.79,182
183,Petronilla,Fishpond,pfishpond52@people.com.cn,44.65,183
184,Tabor,Izsak,tizsak53@tuttocitta.it,11.45,184
185,Sheryl,Hellicar,shellicar54@unicef.org,45.2,185
186,Barnard,Shearston,bshearston55@wordpress.org,41.37,186
187,Ravid,Kilty,rkilty56@dailymotion.com,12.03,187
188,Edwin,Matyas,ematyas57@vimeo.com,28.51,188
189,Alastair,Pennone,apennone58@cmu.edu,30.03,189
190,Cara,Gowrich,cgowrich59@cargocollective.com,31.36,190
191,Olga,Brennan,obrennan5a@prnewswire.com,26.94,191
192,Nevil,Taggerty,ntaggerty5b@wikia.com,15.1,192
193,Verina,Trahmel,vtrahmel5c@merriam-webster.com,12.91,193
194,Karoline,Ebbings,kebbings5d@washington.edu,47.19,194
195,Susette,Petroff,spetroff5e@wisc.edu,24.05,195
196,Elwood,Prothero,eprothero5f@google.com.hk,30.9,196
197,Fonzie,Dust,fdust5g@cbslocal.com,20.65,197
198,Clotilda,Boatswain,cboatswain5h@adobe.com,20.06,198
199,Reinald,Creasy,rcreasy5i@tumblr.com,27.3,199
200,Mabel,Growden,mgrowden5j@google.com,47.59,200
201,Alphonse,Eilhermann,aeilhermann5k@clickbank.net,39.35,201
202,Sena,Ratlee,sratlee5l@lycos.com,48.87,202
203,Konstanze,Swigg,kswigg5m@desdev.cn,24.69,203
204,Nobe,Rumbold,nrumbold5n@youtube.com,34.18,204
205,Forrest,Heaffey,fheaffey5o@paginegialle.it,30.94,205
206,Anthe,Croft,acroft5p@walmart.com,18.73,206
207,Carlie,Hillburn,chillburn5q@phoca.cz,40.62,207
208,Virgina,Jahnel,vjahnel5r@europa.eu,42.65,208
209,Merell,Backshell,mbackshell5s@dyndns.org,16.05,209
210,Priscella,Yu,pyu5t@discovery.com,22.96,210
211,Noll,Teggart,nteggart5u@elpais.com,44.9,211
212,Clemens,Sallnow,csallnow5v@creativecommons.org,22.67,212
213,Odo,Rudeyeard,orudeyeard5w@desdev.cn,41.46,213
214,Marlyn,O'Regan,moregan5x@ft.com,9.9,214
215,Pauli,Sizland,psizland5y@blogtalkradio.com,37.06,215
216,Reina,Gwalter,rgwalter5z@constantcontact.com,29.86,216
217,Josselyn,Hares,jhares60@list-manage.com,42.73,217
218,Natala,Carlone,ncarlone61@livejournal.com,14.71,218
219,Rikki,Redhills,rredhills62@google.pl,44.96,219
220,Muhammad,Faers,mfaers63@abc.net.au,20.91,220
221,Arney,Gwinnell,agwinnell64@t.co,22.59,221
222,Owen,Tongue,otongue65@nifty.com,23.67,222
223,Lucille,Cavie,lcavie66@jigsy.com,49.78,223
224,Rock,Hartburn,rhartburn67@ucoz.com,15.26,224
225,Antoni,Bridal,abridal68@jigsy.com,24.78,225
226,Akim,Swindin,aswindin69@wikimedia.org,43.48,226
227,Zebulon,Andrichuk,zandrichuk6a@pinterest.com,11.56,227
228,Clementine,Soro,csoro6b@cnn.com,11.82,228
229,Vincenz,Altoft,valtoft6c@nhs.uk,22.42,229
230,Hillery,Willowby,hwillowby6d@sakura.ne.jp,40.74,230
231,Noby,Castagnasso,ncastagnasso6e@icq.com,2.14,231
232,Teirtza,Chastelain,tchastelain6f@eepurl.com,49.91,232
233,Daffie,Gotobed,dgotobed6g@cbsnews.com,49.86,233
234,Jody,Cawte,jcawte6h@linkedin.com,20.44,234
235,Cacilie,Joyson,cjoyson6i@cyberchimps.com,48.67,235
236,Lynsey,Barnbrook,lbarnbrook6j@ihg.com,30.22,236
237,George,Kornyakov,gkornyakov6k@princeton.edu,8.99,237
238,Zared,Giannazzi,zgiannazzi6l@canalblog.com,45.03,238
239,Dannel,Korbmaker,dkorbmaker6m@princeton.edu,45.9,239
240,Samantha,Coode,scoode6n@mapquest.com,39.94,240
241,Davidde,Valerius,dvalerius6o@i2i.jp,25.88,241
242,Tam,Jordon,tjordon6p@google.it,42.24,242
243,Karlene,Ace,kace6q@lulu.com,41.61,243
244,Terri,Sandcroft,tsandcroft6r@engadget.com,8.86,244
245,Obie,Pignon,opignon6s@qq.com,6.7,245
246,Kellia,Colcutt,kcolcutt6t@ocn.ne.jp,20.63,246
247,Galvan,Carson,gcarson6u@delicious.com,36.34,247
248,Mohammed,McLaughlin,mmclaughlin6v@google.co.uk,20.61,248
249,Blisse,South,bsouth6w@cocolog-nifty.com,48.81,249
250,Sid,Priddy,spriddy6x@ow.ly,39.74,250
251,Angelique,Blanning,ablanning6y@wikipedia.org,48.07,251
252,Hildegaard,Boshell,hboshell6z@msu.edu,47.11,252
253,Vasily,Edgson,vedgson70@ftc.gov,30.37,253
254,Georgeanna,Levet,glevet71@disqus.com,38.4,254
255,Saw,Dyett,sdyett72@is.gd,2.3,255
256,Georgia,Schanke,gschanke73@forbes.com,25.85,256
257,Callie,Rickson,crickson74@mapy.cz,2.42,257
258,Gavin,Lanfare,glanfare75@army.mil,16.78,258
259,Jeramie,Yeowell,jyeowell76@sun.com,45.36,259
260,Jorry,Sheringham,jsheringham77@timesonline.co.uk,14.92,260
261,Gaylord,McQuarrie,gmcquarrie78@seattletimes.com,19.2,261
262,Noellyn,Mohamed,nmohamed79@mysql.com,25.44,262
263,Kain,Montfort,kmontfort7a@ustream.tv,17.28,263
264,Lesly,Lehon,llehon7b@vkontakte.ru,43.49,264
265,Cher,Mitrovic,cmitrovic7c@walmart.com,48.8,265
266,Mord,Tytherton,mtytherton7d@guardian.co.uk,37.44,266
267,Delano,Boswell,dboswell7e@unc.edu,16.53,267
268,Murray,Henriquet,mhenriquet7f@xinhuanet.com,47.12,268
269,Kasper,Westhoff,kwesthoff7g@blog.com,44.94,269
270,Tally,Hatherall,thatherall7h@guardian.co.uk,32.41,270
271,Nara,Wethered,nwethered7i@businessweek.com,25.06,271
272,Allayne,Ottee,aottee7j@webmd.com,47.15,272
273,Mercy,Nuccii,mnuccii7k@cocolog-nifty.com,35.46,273
274,Joleen,Croyden,jcroyden7l@ucsd.edu,4.32,274
275,Nelia,Blenkharn,nblenkharn7m@foxnews.com,15.16,275
276,Marty,Slowgrave,mslowgrave7n@mozilla.org,35.63,276
277,Carlyle,Beneyto,cbeneyto7o@hostgator.com,45.46,277
278,Mahmud,Ivanonko,mivanonko7p@weebly.com,30.48,278
279,Tully,Gaish,tgaish7q@cbc.ca,6.26,279
280,Brad,Skerman,bskerman7r@google.cn,21.96,280
281,Addi,Avory,aavory7s@tinypic.com,14.68,281
282,Stacee,Letts,sletts7t@ocn.ne.jp,39.1,282
283,Norbert,Wardle,nwardle7u@marketwatch.com,44.06,283
284,Teador,Beere,tbeere7v@whitehouse.gov,13.07,284
285,Angeli,Galbraith,agalbraith7w@yolasite.com,40.45,285
286,Shaine,Clawley,sclawley7x@mashable.com,49.7,286
287,Shannon,Davidman,sdavidman7y@ft.com,24.99,287
288,Sean,Form,sform7z@flavors.me,36.18,288
289,Marcello,Glavin,mglavin80@spiegel.de,10.21,289
290,Reece,Kenneford,rkenneford81@merriam-webster.com,8.75,290
291,Haven,Melwall,hmelwall82@chicagotribune.com,14.96,291
292,Cole,Moodie,cmoodie83@dell.com,35.07,292
293,Mignonne,Quadrio,mquadrio84@yelp.com,25.97,293
294,Horatio,Byrcher,hbyrcher85@nhs.uk,25.96,294
295,Caresa,Housden,chousden86@comcast.net,41.87,295
296,Gwynne,Reinhardt,greinhardt87@mediafire.com,21.35,296
297,Hewe,O'Cannon,hocannon88@admin.ch,40.07,297
298,Ammamaria,Wickey,awickey89@harvard.edu,42.02,298
299,Caspar,Wipfler,cwipfler8a@tumblr.com,35.19,299
300,Andrea,Franiak,afraniak8b@deviantart.com,10.94,300
301,Celie,German,cgerman8c@nydailynews.com,1.87,301
302,Jolyn,Yurenin,jyurenin8d@elegantthemes.com,18.02,302
303,Myrwyn,Matthessen,mmatthessen8e@seesaa.net,40.31,303
304,Raynard,Chapellow,rchapellow8f@w3.org,48.87,304
305,Sallyanne,Cowlard,scowlard8g@howstuffworks.com,26.59,305
306,Eloisa,Shrimpton,eshrimpton8h@altervista.org,7.64,306
307,Chen,Rawet,crawet8i@smugmug.com,3.02,307
308,Sissie,Ruby,sruby8j@oracle.com,43.46,308
309,Mildrid,Mandrier,mmandrier8k@theguardian.com,17.4,309
310,Sasha,Rentoul,srentoul8l@marketwatch.com,32.58,310
311,Polly,Keilty,pkeilty8m@baidu.com,9.96,311
312,Junia,Matys,jmatys8n@angelfire.com,13.38,312
313,Anton,Clarage,aclarage8o@eepurl.com,10.32,313
314,Abram,Commings,acommings8p@cpanel.net,2.49,314
315,Isak,Iglesias,iiglesias8q@forbes.com,42.54,315
316,Jackson,Penhall,jpenhall8r@godaddy.com,14.62,316
317,Kurtis,Tantum,ktantum8s@comsenz.com,37.17,317
318,Humfrid,Constanza,hconstanza8t@elegantthemes.com,8.56,318
319,Ashien,Crebbin,acrebbin8u@mac.com,4.9,319
320,Drake,Henniger,dhenniger8v@paypal.com,2.87,320
321,Augustin,Asling,aasling8w@businesswire.com,31.56,321
322,Robinson,Jiran,rjiran8x@apple.com,10.67,322
323,Geoffrey,Reims,greims8y@homestead.com,19.89,323
324,Jamie,Litton,jlitton8z@hibu.com,44.66,324
325,Sherri,Menlow,smenlow90@sfgate.com,5.79,325
326,Farlie,McGilroy,fmcgilroy91@stanford.edu,13.47,326
327,Megan,McJerrow,mmcjerrow92@wisc.edu,47.35,327
328,Prinz,Berwick,pberwick93@reuters.com,29.09,328
329,Rudiger,Yedall,ryedall94@google.nl,21.27,329
330,Odo,Limming,olimming95@prweb.com,42.37,330
331,Lolly,Bambrick,lbambrick96@goo.ne.jp,40.17,331
332,Estelle,Gudyer,egudyer97@instagram.com,4.13,332
333,Alain,Wayland,awayland98@linkedin.com,35.51,333
334,Krystal,Prosek,kprosek99@hud.gov,23.39,334
335,Mirilla,Tooke,mtooke9a@cpanel.net,2.36,335
336,Ingrid,Borwick,iborwick9b@bandcamp.com,20.32,336
337,Rube,Tomankiewicz,rtomankiewicz9c@networksolutions.com,12.65,337
338,Alyse,Oxton,aoxton9d@arizona.edu,16.18,338
339,Ebenezer,Pochon,epochon9e@wikipedia.org,13.36,339
340,Alberik,Mongenot,amongenot9f@epa.gov,26.62,340
341,Sam,Rogliero,srogliero9g@usatoday.com,31.09,341
342,Viviyan,Bumford,vbumford9h@nps.gov,44.49,342
343,Melesa,Ingree,mingree9i@ed.gov,23.4,343
344,Rurik,Lummis,rlummis9j@amazonaws.com,22.59,344
345,Terrill,Gammons,tgammons9k@delicious.com,44.33,345
346,Arlie,Titterrell,atitterrell9l@people.com.cn,38.67,346
347,Trstram,Grimsdith,tgrimsdith9m@bing.com,2.19,347
348,Sonya,Floris,sfloris9n@washingtonpost.com,26.13,348
349,Othilie,Bartolic,obartolic9o@wunderground.com,2.26,349
350,Annalee,Korejs,akorejs9p@mail.ru,15.46,350
351,Karalynn,Kyles,kkyles9q@soundcloud.com,21.91,351
352,Roseann,Dyzart,rdyzart9r@github.io,25.8,352
353,Hillery,Swannick,hswannick9s@qq.com,19.61,353
354,Arlen,Huot,ahuot9t@slideshare.net,8.62,354
355,Bab,Gerald,bgerald9u@phpbb.com,8.84,355
356,Hartwell,Jenik,hjenik9v@privacy.gov.au,14.12,356
357,Rhodia,Kiely,rkiely9w@geocities.com,32.51,357
358,Cicely,Dyhouse,cdyhouse9x@hc360.com,41.14,358
359,Inga,Pawlaczyk,ipawlaczyk9y@google.it,37.54,359
360,Cary,Shuttlewood,cshuttlewood9z@booking.com,13.09,360
361,Myrtle,Revening,mreveninga0@huffingtonpost.com,23.04,361
362,Sanson,Garwill,sgarwilla1@miitbeian.gov.cn,46.86,362
363,Joli,Asel,jasela2@chronoengine.com,32.23,363
364,Kimble,Panchin,kpanchina3@blogger.com,3.91,364
365,Maren,Tennison,mtennisona4@forbes.com,17.85,365
366,Frasquito,Allicock,fallicocka5@businessweek.com,11.98,366
367,Flin,Zecchinelli,fzecchinellia6@ehow.com,16.17,367
368,Raul,Braunstein,rbraunsteina7@netlog.com,18.42,368
369,Mabel,Fitzsymon,mfitzsymona8@biglobe.ne.jp,16.13,369
370,Eula,Overshott,eovershotta9@de.vu,12.31,370
371,Benny,Rylance,brylanceaa@facebook.com,16.86,371
372,Stormy,Daynter,sdaynterab@senate.gov,49.23,372
373,Joela,Dyke,jdykeac@ibm.com,41.89,373
374,Pail,Climpson,pclimpsonad@wisc.edu,4.18,374
375,Darnell,Jahncke,djahnckeae@furl.net,5.64,375
376,Tobe,Silverson,tsilversonaf@opera.com,32.46,376
377,Cale,Smaile,csmaileag@nyu.edu,2.44,377
378,Kati,Molloy,kmolloyah@springer.com,13.21,378
379,Cletus,Zanussii,czanussiiai@google.co.jp,38.27,379
380,Theodora,Wrixon,twrixonaj@livejournal.com,34.69,380
381,Lorettalorna,Ghelerdini,lghelerdiniak@nps.gov,12.67,381
382,Ignazio,Dmiterko,idmiterkoal@google.fr,10.06,382
383,Ave,Grinyer,agrinyeram@canalblog.com,0.8,383
384,Valerye,Senogles,vsenoglesan@home.pl,15.65,384
385,Nolan,Dowrey,ndowreyao@w3.org,15.91,385
386,Finn,Corkan,fcorkanap@xrea.com,34.59,386
387,Collen,Chisholm,cchisholmaq@marketwatch.com,21.86,387
388,Rawley,Peckham,rpeckhamar@time.com,43.32,388
389,Julianne,Bottomore,jbottomoreas@indiegogo.com,14.35,389
390,Costanza,Bibey,cbibeyat@skype.com,10.23,390
391,Cobb,Girke,cgirkeau@paginegialle.it,46.73,391
392,Elisabet,Jochanany,ejochananyav@skype.com,10.53,392
393,Dell,Nice,dniceaw@eepurl.com,36.99,393
394,Nichole,Halden,nhaldenax@typepad.com,16.0,394
395,Aubrie,Andersch,aanderschay@seesaa.net,22.01,395
396,Audry,Dalli,adalliaz@theguardian.com,30.53,396
397,Merl,Francklyn,mfrancklynb0@businessweek.com,42.14,397
398,Ermengarde,Nichols,enicholsb1@arizona.edu,22.0,398
399,Eddi,Voysey,evoyseyb2@businessweek.com,48.99,399
400,Fabio,Jerok,fjerokb3@dailymotion.com,29.35,400
401,Melanie,Clee,mcleeb4@nature.com,48.69,401
402,Tedman,Pincked,tpinckedb5@auda.org.au,46.38,402
403,Hyacinthe,Haverson,hhaversonb6@cmu.edu,29.22,403
404,Maddi,Conkie,mconkieb7@nps.gov,14.4,404
405,Broddy,Venmore,bvenmoreb8@joomla.org,14.11,405
406,Heywood,Beevis,hbeevisb9@ycombinator.com,22.96,406
407,Branden,Windybank,bwindybankba@salon.com,6.1,407
408,Hewet,Rudolph,hrudolphbb@quantcast.com,23.37,408
409,Francesco,Hannabus,fhannabusbc@oakley.com,5.61,409
410,Marysa,Wallbridge,mwallbridgebd@sciencedaily.com,36.99,410
411,Shanta,Aldcorne,saldcornebe@youku.com,24.93,411
412,Philippe,Allchin,pallchinbf@independent.co.uk,9.22,412
413,Keelia,Tugman,ktugmanbg@t.co,11.07,413
414,Gaspar,Bardwell,gbardwellbh@smh.com.au,39.64,414
415,Corrie,Kobieriecki,ckobierieckibi@infoseek.co.jp,40.75,415
416,Nicki,Goede,ngoedebj@vinaora.com,48.39,416
417,Chance,Rainville,crainvillebk@macromedia.com,43.21,417
418,Woody,Bardsley,wbardsleybl@bing.com,45.67,418
419,Gwyn,Pattlel,gpattlelbm@huffingtonpost.com,2.44,419
420,Corrie,Keady,ckeadybn@symantec.com,40.07,420
421,Jolene,Orchart,jorchartbo@gov.uk,30.96,421
422,Philbert,Keddie,pkeddiebp@bizjournals.com,17.47,422
423,Heinrick,Hackford,hhackfordbq@redcross.org,37.68,423
424,Lara,Ahearne,lahearnebr@latimes.com,10.49,424
425,Hillel,Clemanceau,hclemanceaubs@last.fm,25.89,425
426,Pris,Brason,pbrasonbt@ovh.net,7.92,426
427,Belle,Hofner,bhofnerbu@dell.com,30.86,427
428,Justinian,Hasely,jhaselybv@whitehouse.gov,25.22,428
429,Constantin,Flux,cfluxbw@wikia.com,26.51,429
430,Kimmie,Thurlbeck,kthurlbeckbx@forbes.com,14.9,430
431,Carlyle,Juste,cjusteby@jalbum.net,23.52,431
432,Davis,Fossord,dfossordbz@telegraph.co.uk,25.23,432
433,Abramo,Gonzales,agonzalesc0@vistaprint.com,8.05,433
434,Therine,Bale,tbalec1@ucsd.edu,2.21,434
435,Cornell,Anstead,cansteadc2@wufoo.com,28.11,435
436,Evered,Bradfield,ebradfieldc3@mashable.com,40.66,436
437,Justinn,Roman,jromanc4@fotki.com,0.45,437
438,Linea,Jordanson,ljordansonc5@merriam-webster.com,2.2,438
439,Burtie,Donohoe,bdonohoec6@sbwire.com,5.18,439
440,Farrel,Losebie,flosebiec7@gmpg.org,34.56,440
441,Brendis,Jenton,bjentonc8@mapy.cz,15.43,441
442,Federico,Stoile,fstoilec9@google.de,20.61,442
443,Tarra,Woodison,twoodisonca@ovh.net,41.44,443
444,Kendricks,Redwood,kredwoodcb@hubpages.com,46.97,444
445,Montgomery,McPherson,mmcphersoncc@illinois.edu,27.95,445
446,Hal,Poundford,hpoundfordcd@howstuffworks.com,4.45,446
447,Beatrisa,Bromont,bbromontce@posterous.com,19.74,447
448,Laura,Coram,lcoramcf@abc.net.au,3.01,448
449,Keely,Burston,kburstoncg@sourceforge.net,47.72,449
450,Carlie,Braybrook,cbraybrookch@shop-pro.jp,46.25,450
451,Thomasine,Battin,tbattinci@reuters.com,26.67,451
452,Abdel,Fidell,afidellcj@abc.net.au,31.4,452
453,Bruce,Clemens,bclemensck@hibu.com,6.44,453
454,Margit,Plampeyn,mplampeyncl@scientificamerican.com,14.64,454
455,Dennie,Gregoire,dgregoirecm@java.com,18.38,455
456,Dido,Ishchenko,dishchenkocn@weather.com,43.98,456
457,Avigdor,Alessandretti,aalessandrettico@ftc.gov,26.9,457
458,Derrek,Gogin,dgogincp@comcast.net,11.7,458
459,Bertie,Bulfield,bbulfieldcq@amazon.co.uk,38.62,459
460,Rutger,Clemenson,rclemensoncr@amazon.co.jp,0.57,460
461,Rex,Bendall,rbendallcs@yelp.com,28.7,461
462,Glenda,Middleditch,gmiddleditchct@xrea.com,12.37,462
463,John,Astridge,jastridgecu@ask.com,49.12,463
464,Mamie,Leckie,mleckiecv@youtu.be,27.47,464
465,Garrott,Lampkin,glampkincw@e-recht24.de,47.06,465
466,Moishe,Blue,mbluecx@mapquest.com,40.09,466
467,Fran,Biglin,fbiglincy@cafepress.com,9.62,467
468,Darci,Keddey,dkeddeycz@goo.ne.jp,36.62,468
469,Bianka,Weatherdon,bweatherdond0@zimbio.com,0.16,469
470,Andrej,Cund,acundd1@xing.com,33.4,470
471,Rebbecca,Rogier,rrogierd2@netvibes.com,31.51,471
472,Bendick,Matus,bmatusd3@mapquest.com,19.18,472
473,Bailie,Stanhope,bstanhoped4@exblog.jp,18.38,473
474,Tanney,Yitzhakov,tyitzhakovd5@hexun.com,16.71,474
475,Dario,Bindon,dbindond6@live.com,20.6,475
476,Zach,Udale,zudaled7@sciencedaily.com,11.15,476
477,Rayshell,Membry,rmembryd8@diigo.com,9.15,477
478,Juline,O'Dunniom,jodunniomd9@qq.com,32.32,478
479,Valaria,Lars,vlarsda@ning.com,19.91,479
480,Damien,Bonniface,dbonnifacedb@nps.gov,16.32,480
481,Katha,Johanchon,kjohanchondc@tripod.com,28.84,481
482,Haley,Spehr,hspehrdd@1und1.de,35.43,482
483,Drusi,Castles,dcastlesde@latimes.com,40.65,483
484,Guillemette,Adolf,gadolfdf@harvard.edu,26.28,484
485,Lyn,Dummett,ldummettdg@ehow.com,25.31,485
486,Micah,Landers,mlandersdh@java.com,13.84,486
487,Erica,Fernier,efernierdi@vistaprint.com,34.09,487
488,Hugo,Walsham,hwalshamdj@flavors.me,17.97,488
489,Hymie,Gonsalvez,hgonsalvezdk@tripod.com,41.34,489
490,Phyllida,Yarham,pyarhamdl@xing.com,12.96,490
491,Yetta,Bucknall,ybucknalldm@google.fr,41.27,491
492,Dora,Kaley,dkaleydn@yahoo.com,44.36,492
493,Shela,Piola,spiolado@reuters.com,36.41,493
494,Min,Ruprich,mruprichdp@wikipedia.org,39.94,494
495,Aggi,Greguoli,agreguolidq@xinhuanet.com,19.93,495
496,Mozes,Liepmann,mliepmanndr@home.pl,38.87,496
497,Brander,Hiskey,bhiskeyds@hatena.ne.jp,2.57,497
498,Fabien,Lothean,flotheandt@unesco.org,43.75,498
499,Josefa,Kobes,jkobesdu@washingtonpost.com,27.08,499
500,Norri,Bissett,nbissettdv@theglobeandmail.com,46.96,500
501,Reinald,Flindall,rflindalldw@themeforest.net,12.44,501
502,Felita,Hair,fhairdx@opera.com,43.63,502
503,Theodor,Plumer,tplumerdy@telegraph.co.uk,11.19,503
504,Andres,Pindred,apindreddz@wikispaces.com,11.77,504
505,Bobine,Marle,bmarlee0@jiathis.com,20.09,505
506,Cathe,Gerardin,cgerardine1@canalblog.com,26.38,506
507,Bridget,Karpinski,bkarpinskie2@virginia.edu,9.63,507
508,Lorens,Quarry,lquarrye3@google.pl,49.01,508
509,Paolina,Overell,poverelle4@princeton.edu,13.01,509
510,Lonnie,Clyma,lclymae5@pagesperso-orange.fr,29.26,510
511,Ashlie,Ortet,aortete6@printfriendly.com,25.67,511
512,Mirella,Roussel,mroussele7@mediafire.com,42.86,512
513,Eudora,Starzaker,estarzakere8@mozilla.com,46.3,513
514,Martguerita,Nockles,mnocklese9@earthlink.net,20.41,514
515,Edin,Merritt,emerrittea@blogtalkradio.com,35.04,515
516,Ervin,Fanthom,efanthomeb@i2i.jp,24.46,516
517,Ferdinanda,Darcy,fdarcyec@sphinn.com,37.43,517
518,Bogart,Bastick,bbasticked@omniture.com,13.71,518
519,Carey,Brockbank,cbrockbankee@virginia.edu,38.49,519
520,Ulrich,Bein,ubeinef@ning.com,20.28,520
521,Ase,Spofford,aspoffordeg@chronoengine.com,41.89,521
522,Thayne,Clulow,tcluloweh@webeden.co.uk,15.71,522
523,Prentiss,Haffard,phaffardei@netscape.com,41.26,523
524,Edik,Paton,epatonej@sina.com.cn,29.53,524
525,Conrad,Lavallin,clavallinek@who.int,16.89,525
526,Alasteir,Watkiss,awatkissel@dailymotion.com,14.49,526
527,Bobbi,Mattea,bmatteaem@google.fr,15.41,527
528,Mireielle,Kenzie,mkenzieen@dyndns.org,28.34,528
529,Gipsy,Hammerman,ghammermaneo@guardian.co.uk,0.82,529
530,Connie,Meany,cmeanyep@home.pl,23.54,530
531,Bear,Scoffins,bscoffinseq@google.co.uk,38.67,531
532,Tawsha,Burnsall,tburnsaller@google.ru,47.57,532
533,Charin,Pitbladdo,cpitbladdoes@ucoz.com,11.63,533
534,Michele,Vennard,mvennardet@cpanel.net,31.19,534
535,Kale,Hallward,khallwardeu@columbia.edu,44.48,535
536,Gretchen,Rudram,grudramev@alibaba.com,45.75,536
537,Andria,Elington,aelingtonew@github.com,34.35,537
538,Carolann,Stovell,cstovellex@edublogs.org,37.66,538
539,Gwenni,Ivashechkin,givashechkiney@microsoft.com,32.69,539
540,Amargo,Diss,adissez@jugem.jp,21.72,540
541,Isis,Connett,iconnettf0@nba.com,13.18,541
542,Dene,Clinkard,dclinkardf1@ftc.gov,19.02,542
543,Valaria,Fann,vfannf2@toplist.cz,37.77,543
544,Cynthea,Thams,cthamsf3@networksolutions.com,6.07,544
545,Shem,Bugg,sbuggf4@histats.com,3.45,545
546,Diego,Aslum,daslumf5@ocn.ne.jp,18.62,546
547,Raimund,Munkley,rmunkleyf6@google.cn,12.47,547
548,Ardelis,Massen,amassenf7@php.net,16.55,548
549,Eberto,Lewer,elewerf8@desdev.cn,16.55,549
550,Ferdie,Niess,fniessf9@princeton.edu,22.99,550
551,Petey,Cotter,pcotterfa@ask.com,31.06,551
552,Luelle,Cheese,lcheesefb@twitter.com,36.74,552
553,Auguste,Laugherane,alaugheranefc@mozilla.com,36.29,553
554,Di,Ryton,drytonfd@t.co,11.87,554
555,Daisy,Jakubovics,djakubovicsfe@sogou.com,40.29,555
556,Keeley,Charman,kcharmanff@moonfruit.com,43.63,556
557,Jessi,Bonnette,jbonnettefg@ox.ac.uk,38.42,557
558,Myriam,Mault,mmaultfh@yahoo.co.jp,47.72,558
559,Dodi,Soro,dsorofi@howstuffworks.com,14.46,559
560,Roselia,Edelheit,redelheitfj@unesco.org,8.67,560
561,Rona,Kennon,rkennonfk@paypal.com,12.19,561
562,Eldridge,Bassom,ebassomfl@guardian.co.uk,8.25,562
563,Luz,Sewter,lsewterfm@yolasite.com,46.39,563
564,Pauly,Bockmann,pbockmannfn@networkadvertising.org,40.78,564
565,Elianora,Priestnall,epriestnallfo@epa.gov,43.23,565
566,Rabbi,Stucksbury,rstucksburyfp@upenn.edu,42.29,566
567,Winnifred,Corry,wcorryfq@wordpress.com,25.04,567
568,Cordi,Itzkovwich,citzkovwichfr@netvibes.com,20.49,568
569,Atlanta,Frantzen,afrantzenfs@list-manage.com,7.09,569
570,Othella,Sissens,osissensft@1688.com,20.49,570
571,Arlie,Dene,adenefu@sohu.com,29.48,571
572,Granthem,Toone,gtoonefv@utexas.edu,40.33,572
573,Yulma,Vearncombe,yvearncombefw@amazon.co.uk,19.58,573
574,Sherwin,Merriton,smerritonfx@guardian.co.uk,32.4,574
575,Isabelita,Coke,icokefy@gov.uk,23.21,575
576,Karlyn,Sandes,ksandesfz@who.int,3.26,576
577,Lita,Beniesh,lbenieshg0@livejournal.com,23.51,577
578,Gui,Wallsworth,gwallsworthg1@surveymonkey.com,28.5,578
579,Balduin,Tynewell,btynewellg2@tiny.cc,0.74,579
580,Faustine,Gemmill,fgemmillg3@bigcartel.com,35.53,580
581,Kalindi,Virr,kvirrg4@wiley.com,26.98,581
582,Joanna,Grigolon,jgrigolong5@hexun.com,6.28,582
583,Quincy,Lerohan,qlerohang6@cafepress.com,42.64,583
584,Jobie,Marcham,jmarchamg7@imageshack.us,19.81,584
585,Ivonne,O'Garmen,iogarmeng8@disqus.com,28.63,585
586,Kelley,Lemm,klemmg9@elpais.com,26.3,586
587,Daren,Player,dplayerga@gnu.org,32.17,587
588,Annalee,Sall,asallgb@yandex.ru,47.23,588
589,Giralda,Sallenger,gsallengergc@eventbrite.com,8.89,589
590,Olly,Savage,osavagegd@prnewswire.com,21.25,590
591,Jemima,Pond,jpondge@delicious.com,42.44,591
592,Karyn,Earey,keareygf@livejournal.com,43.98,592
593,Rudie,Duckitt,rduckittgg@unicef.org,9.08,593
594,Collette,Lucas,clucasgh@e-recht24.de,18.82,594
595,Ulysses,Poletto,upolettogi@oracle.com,36.89,595
596,Terry,Calderhead,tcalderheadgj@delicious.com,31.71,596
597,Randi,Grossier,rgrossiergk@pen.io,32.71,597
598,Sergio,Thys,sthysgl@blogs.com,30.82,598
599,Elmo,Willingam,ewillingamgm@rakuten.co.jp,14.01,599
600,Netti,Hellwich,nhellwichgn@jiathis.com,32.99,600
601,Elvera,Christopherson,echristophersongo@unesco.org,1.89,601
602,Quent,Cady,qcadygp@java.com,43.43,602
603,Ailey,Lutsch,alutschgq@jigsy.com,25.75,603
604,Bobby,Steedman,bsteedmangr@unc.edu,49.27,604
605,Roanna,Gamwell,rgamwellgs@bloglines.com,12.16,605
606,Pepito,Rossbrook,prossbrookgt@indiegogo.com,38.46,606
607,Tallie,Pendlenton,tpendlentongu@goo.ne.jp,12.09,607
608,Taite,Bothram,tbothramgv@ibm.com,6.46,608
609,Joel,Story,jstorygw@twitter.com,3.67,609
610,Jaye,Colbron,jcolbrongx@is.gd,22.11,610
611,Ann-marie,Jako,ajakogy@google.co.uk,1.28,611
612,Lorenza,Cummine,lcumminegz@cnet.com,22.45,612
613,Arlyne,Brader,abraderh0@barnesandnoble.com,2.12,613
614,Crystie,Buffey,cbuffeyh1@reuters.com,0.22,614
615,Freddie,Pond,fpondh2@icq.com,45.52,615
616,Cthrine,Disley,cdisleyh3@shareasale.com,47.21,616
617,Parrnell,Droghan,pdroghanh4@xinhuanet.com,17.61,617
618,Noelyn,Spancock,nspancockh5@smugmug.com,2.83,618
619,Maxy,Cheeney,mcheeneyh6@oakley.com,0.1,619
620,Jock,Castles,jcastlesh7@gravatar.com,12.74,620
621,Austen,Mallia,amalliah8@yahoo.co.jp,49.03,621
622,Nial,Filip,nfiliph9@marriott.com,36.21,622
623,Conway,Ricold,cricoldha@liveinternet.ru,6.59,623
624,Chrissy,Sabatier,csabatierhb@china.com.cn,32.68,624
625,Darline,Stener,dstenerhc@alibaba.com,48.88,625
626,Kaia,Edser,kedserhd@washingtonpost.com,3.08,626
627,Shem,Lomansey,slomanseyhe@posterous.com,19.45,627
628,Aeriel,Sulley,asulleyhf@yellowbook.com,26.58,628
629,Bobbette,Sandercroft,bsandercrofthg@vk.com,5.48,629
630,Sal,Welbeck,swelbeckhh@phpbb.com,36.93,630
631,Alysa,Worsam,aworsamhi@nymag.com,43.73,631
632,Kennan,Longden,klongdenhj@berkeley.edu,26.41,632
633,Meara,Tripet,mtripethk@noaa.gov,11.47,633
634,Tresa,Puttan,tputtanhl@reverbnation.com,30.31,634
635,Sheff,Comolli,scomollihm@mit.edu,31.57,635
636,Ingrid,Seabrooke,iseabrookehn@sogou.com,16.47,636
637,Gregor,Hendrick,ghendrickho@jimdo.com,0.81,637
638,Katie,Northley,knorthleyhp@apple.com,40.82,638
639,Hayes,Hitter,hhitterhq@opera.com,22.12,639
640,Lidia,Szymanek,lszymanekhr@soundcloud.com,24.67,640
641,Lelah,Jesty,ljestyhs@gizmodo.com,41.59,641
642,Kerri,Dudenie,kdudenieht@hostgator.com,28.22,642
643,Ayn,Glasson,aglassonhu@huffingtonpost.com,49.18,643
644,Bone,Hendrix,bhendrixhv@webeden.co.uk,15.34,644
645,Duane,Elleray,dellerayhw@mayoclinic.com,2.64,645
646,Gaven,Tuke,gtukehx@techcrunch.com,21.83,646
647,Hilliary,Emery,hemeryhy@example.com,9.87,647
648,Mel,Gilliat,mgilliathz@patch.com,8.36,648
649,Gran,Mordin,gmordini0@amazon.de,27.03,649
650,Desmund,Brunn,dbrunni1@mapy.cz,16.96,650
651,Angelico,Thurber,athurberi2@issuu.com,27.91,651
652,Chrysa,Isakowicz,cisakowiczi3@naver.com,12.8,652
653,Laura,Parriss,lparrissi4@4shared.com,6.65,653
654,Jakie,Gilding,jgildingi5@opera.com,27.9,654
655,Nollie,Bennit,nbenniti6@opensource.org,30.69,655
656,Crawford,Ison,cisoni7@pcworld.com,41.46,656
657,Alvin,Fairbourn,afairbourni8@netscape.com,38.24,657
658,Deina,Gerrell,dgerrelli9@slate.com,30.46,658
659,Vernice,Bridgeland,vbridgelandia@bandcamp.com,45.64,659
660,Rog,Stockney,rstockneyib@ftc.gov,30.21,660
661,Cassie,Sirkett,csirkettic@bloglovin.com,44.46,661
662,Bird,Huddart,bhuddartid@lycos.com,8.19,662
663,Lanni,Stammers,lstammersie@xrea.com,22.58,663
664,Dew,Reinger,dreingerif@issuu.com,37.5,664
665,Juana,Coales,jcoalesig@technorati.com,6.15,665
666,Mic,Janecek,mjanecekih@storify.com,4.94,666
667,Traver,Reisenstein,treisensteinii@dagondesign.com,23.61,667
668,Chester,Crat,ccratij@digg.com,6.46,668
669,Sabra,Ferrucci,sferrucciik@squarespace.com,44.75,669
670,Kalle,Clotworthy,kclotworthyil@people.com.cn,36.44,670
671,Roldan,Rougier,rrougierim@globo.com,41.82,671
672,Lucille,Brazelton,lbrazeltonin@google.ru,27.78,672
673,Chic,Delbergue,cdelbergueio@japanpost.jp,40.35,673
674,Hyman,Girardin,hgirardinip@ask.com,0.01,674
675,Consuela,Dingate,cdingateiq@sina.com.cn,42.66,675
676,Domenic,Raunds,draundsir@unicef.org,48.72,676
677,Gregor,Roney,groneyis@webeden.co.uk,38.44,677
678,Gay,Murthwaite,gmurthwaiteit@businessweek.com,22.99,678
679,Peria,Scriviner,pscrivineriu@bbb.org,43.67,679
680,Wynny,Walsh,wwalshiv@fastcompany.com,8.36,680
681,Brook,Pietruszka,bpietruszkaiw@stumbleupon.com,3.97,681
682,Siward,Brocket,sbrocketix@people.com.cn,23.76,682
683,Brigida,Strotton,bstrottoniy@prnewswire.com,12.36,683
684,De witt,Ley,dleyiz@loc.gov,19.09,684
685,Alvira,Gothard,agothardj0@theglobeandmail.com,14.88,685
686,Artair,Beckenham,abeckenhamj1@lycos.com,46.63,686
687,Briggs,Tradewell,btradewellj2@nih.gov,12.96,687
688,Jillian,Dudliston,jdudlistonj3@ameblo.jp,11.98,688
689,Kendell,Priestley,kpriestleyj4@google.com,46.25,689
690,Russell,Brasseur,rbrasseurj5@uiuc.edu,16.05,690
691,Filippa,Beare,fbearej6@harvard.edu,28.39,691
692,Hadria,Abercrombie,habercrombiej7@addtoany.com,22.54,692
693,Thomas,Eland,telandj8@tripadvisor.com,37.91,693
694,Paige,Folliss,pfollissj9@go.com,48.59,694
695,Pamella,Heritege,pheritegeja@weebly.com,20.15,695
696,Enrico,Beare,ebearejb@skyrock.com,48.64,696
697,Van,Featherstonhalgh,vfeatherstonhalghjc@tmall.com,13.78,697
698,Oswald,Vallentin,ovallentinjd@privacy.gov.au,34.5,698
699,Novelia,Jacob,njacobje@cocolog-nifty.com,25.65,699
700,Kattie,Downes,kdownesjf@zimbio.com,40.67,700
701,Gustavo,Whisson,gwhissonjg@sourceforge.net,7.03,701
702,Tildie,Illesley,tillesleyjh@hugedomains.com,7.52,702
703,Annmarie,Careless,acarelessji@blogtalkradio.com,42.66,703
704,Pietra,Fould,pfouldjj@qq.com,1.73,704
705,Ber,Porte,bportejk@ted.com,20.24,705
706,Aggy,Ferrari,aferrarijl@wp.com,34.08,706
707,Devora,Bullock,dbullockjm@stanford.edu,40.27,707
708,Vitia,De Robertis,vderobertisjn@sfgate.com,4.24,708
709,Merwin,Safell,msafelljo@ow.ly,19.89,709
710,Major,Dabnot,mdabnotjp@nationalgeographic.com,39.76,710
711,Bea,Andreev,bandreevjq@flickr.com,15.39,711
712,Katya,Radke,kradkejr@globo.com,16.0,712
713,Letta,Dunbar,ldunbarjs@dyndns.org,4.92,713
714,Arabele,Labitt,alabittjt@tuttocitta.it,43.13,714
715,Nester,Grimsell,ngrimsellju@lycos.com,29.94,715
716,Mattie,Dudmarsh,mdudmarshjv@adobe.com,13.23,716
717,Wendy,Umbert,wumbertjw@tamu.edu,5.69,717
718,Lory,Bowlands,lbowlandsjx@clickbank.net,20.16,718
719,Gunner,Lowater,glowaterjy@weather.com,3.86,719
720,Jocko,Fotherby,jfotherbyjz@sina.com.cn,7.74,720
721,Pooh,Mogg,pmoggk0@seattletimes.com,15.69,721
722,Mattias,Selvey,mselveyk1@ibm.com,14.91,722
723,Earle,Scollan,escollank2@netvibes.com,33.27,723
724,Jeffry,Rontree,jrontreek3@tinypic.com,26.26,724
725,Aline,Joseland,ajoselandk4@sitemeter.com,18.09,725
726,Estele,Northall,enorthallk5@economist.com,20.26,726
727,Chic,Jedrzejkiewicz,cjedrzejkiewiczk6@soup.io,17.12,727
728,Nita,Rheubottom,nrheubottomk7@pagesperso-orange.fr,34.46,728
729,Armstrong,Bosward,aboswardk8@stanford.edu,32.7,729
730,Dyann,Winkless,dwinklessk9@homestead.com,24.76,730
731,Marie-jeanne,Berrie,mberrieka@bizjournals.com,35.59,731
732,Daphne,Baulch,dbaulchkb@telegraph.co.uk,21.86,732
733,Forbes,Blakeman,fblakemankc@nytimes.com,17.44,733
734,Manon,Furlong,mfurlongkd@mysql.com,45.76,734
735,Alyson,Gosland,agoslandke@dailymail.co.uk,40.54,735
736,Kaitlynn,Fortnum,kfortnumkf@nifty.com,24.04,736
737,Jennica,Bagnell,jbagnellkg@netvibes.com,35.9,737
738,Sybyl,Stembridge,sstembridgekh@sourceforge.net,24.63,738
739,Meade,Hukin,mhukinki@comcast.net,46.96,739
740,Joell,Zellmer,jzellmerkj@cyberchimps.com,45.59,740
741,Ezmeralda,Denver,edenverkk@fc2.com,24.86,741
742,Kellie,Child,kchildkl@tuttocitta.it,12.95,742
743,Cassy,Palfreeman,cpalfreemankm@fc2.com,16.35,743
744,Aline,Yeld,ayeldkn@cmu.edu,21.3,744
745,Wesley,Carradice,wcarradiceko@ifeng.com,0.98,745
746,Perice,Isgate,pisgatekp@jigsy.com,24.08,746
747,Edmund,Cobelli,ecobellikq@wikipedia.org,33.82,747
748,Vicky,Arbuckel,varbuckelkr@google.com.au,6.83,748
749,Bessy,Shorto,bshortoks@statcounter.com,9.38,749
750,Rebeca,Von Hindenburg,rvonhindenburgkt@msn.com,36.6,750
751,Alica,Whiterod,awhiterodku@opensource.org,26.19,751
752,Milissent,Raiker,mraikerkv@comcast.net,43.47,752
753,Hirsch,Muneely,hmuneelykw@reference.com,11.62,753
754,Jeffrey,Rodman,jrodmankx@cbslocal.com,34.91,754
755,Stevy,Roughley,sroughleyky@digg.com,48.99,755
756,Eadmund,Petran,epetrankz@bluehost.com,11.02,756
757,Lenci,Bills,lbillsl0@issuu.com,46.35,757
758,Carrissa,Pikhno,cpikhnol1@gmpg.org,19.2,758
759,Stesha,Carratt,scarrattl2@twitter.com,20.84,759
760,Adore,Tamburi,atamburil3@cafepress.com,19.25,760
761,Chicky,Leet,cleetl4@cnet.com,48.3,761
762,Christabel,Popworth,cpopworthl5@icio.us,11.21,762
763,Bertine,Avrahamian,bavrahamianl6@mozilla.com,14.55,763
764,Yanaton,Casado,ycasadol7@fema.gov,17.74,764
765,Damon,Sage,dsagel8@technorati.com,26.0,765
766,Dar,Cunnane,dcunnanel9@springer.com,45.94,766
767,Rafe,Coggeshall,rcoggeshallla@unc.edu,24.19,767
768,Kaspar,Rapier,krapierlb@toplist.cz,39.12,768
769,Gerri,Alloisi,galloisilc@ask.com,15.3,769
770,Zach,Cane,zcaneld@java.com,20.17,770
771,Dolorita,Kidsley,dkidsleyle@shareasale.com,22.5,771
772,Dermot,Tomasek,dtomaseklf@bing.com,14.64,772
773,Mick,Alten,maltenlg@walmart.com,20.47,773
774,Smith,Sammut,ssammutlh@exblog.jp,12.49,774
775,Whittaker,Stallon,wstallonli@zdnet.com,15.09,775
776,Babara,Brompton,bbromptonlj@mtv.com,20.24,776
777,Worthington,Adamiak,wadamiaklk@samsung.com,45.65,777
778,Emerson,Schulkins,eschulkinsll@disqus.com,25.27,778
779,Brittni,Tebbit,btebbitlm@msn.com,4.66,779
780,Nat,Padley,npadleyln@cmu.edu,39.23,780
781,Harri,Kastel,hkastello@behance.net,23.77,781
782,Alice,Ubsdall,aubsdalllp@amazonaws.com,46.08,782
783,Rhianon,Ruggs,rruggslq@earthlink.net,36.27,783
784,Kimmy,Tallet,ktalletlr@discuz.net,11.35,784
785,Margareta,Boydell,mboydellls@zimbio.com,12.76,785
786,Tamarah,Hegges,theggeslt@icio.us,10.54,786
787,Avie,Lind,alindlu@g.co,16.01,787
788,Mayer,Dodamead,mdodameadlv@reference.com,29.29,788
789,Kania,Bastock,kbastocklw@spiegel.de,48.68,789
790,Nita,Widdicombe,nwiddicombelx@redcross.org,5.59,790
791,Giacopo,Ragot,gragotly@biblegateway.com,34.72,791
792,Florence,Upstone,fupstonelz@prlog.org,13.23,792
793,Rozele,Gush,rgushm0@eventbrite.com,16.05,793
794,Zulema,Pendreigh,zpendreighm1@1688.com,16.68,794
795,Larry,Dowry,ldowrym2@bluehost.com,21.51,795
796,Ira,Burg,iburgm3@networksolutions.com,6.66,796
797,Manuel,Geal,mgealm4@nba.com,22.85,797
798,Perice,Jobson,pjobsonm5@bizjournals.com,15.71,798
799,Adelice,Heinl,aheinlm6@last.fm,27.68,799
800,Cozmo,Garrelts,cgarreltsm7@is.gd,25.22,800
801,Arleta,Persent,apersentm8@instagram.com,9.63,801
802,Jerri,Poon,jpoonm9@example.com,39.25,802
803,Winfield,Hindshaw,whindshawma@prnewswire.com,11.43,803
804,Hesther,Dwyer,hdwyermb@chronoengine.com,23.6,804
805,Kitti,Broadist,kbroadistmc@squarespace.com,46.1,805
806,Buckie,Marcos,bmarcosmd@about.com,0.34,806
807,Bren,Marrian,bmarrianme@mozilla.org,5.34,807
808,Court,Auckland,caucklandmf@sfgate.com,18.1,808
809,Jeannie,Corps,jcorpsmg@posterous.com,9.45,809
810,Dinny,McQuilty,dmcquiltymh@usda.gov,44.42,810
811,Cordula,Damp,cdampmi@fc2.com,6.63,811
812,Damien,Bern,dbernmj@pagesperso-orange.fr,11.29,812
813,Gamaliel,Aylett,gaylettmk@phoca.cz,29.27,813
814,Toddie,Hollidge,thollidgeml@msu.edu,37.09,814
815,Chadwick,Androlli,candrollimm@instagram.com,15.37,815
816,See,MacDonagh,smacdonaghmn@nhs.uk,34.83,816
817,Stavros,Savins,ssavinsmo@geocities.com,46.6,817
818,Clair,Tevlin,ctevlinmp@cpanel.net,31.88,818
819,Rodie,Smillie,rsmilliemq@e-recht24.de,37.19,819
820,Charita,Mateos,cmateosmr@accuweather.com,13.22,820
821,Robbie,Ellwand,rellwandms@timesonline.co.uk,16.83,821
822,Ardelis,Di Francesco,adifrancescomt@dell.com,49.81,822
823,Angeline,Pugh,apughmu@wikispaces.com,20.74,823
824,Jana,Battrick,jbattrickmv@google.com.au,17.76,824
825,Brose,Debow,bdebowmw@icio.us,29.46,825
826,Derry,Ateggart,dateggartmx@goodreads.com,18.54,826
827,Gerry,Ellerby,gellerbymy@instagram.com,42.77,827
828,Noe,Kuschel,nkuschelmz@tumblr.com,26.92,828
829,Delila,Fairtlough,dfairtloughn0@liveinternet.ru,12.12,829
830,Ermanno,Tink,etinkn1@mysql.com,5.73,830
831,Janeen,Rebichon,jrebichonn2@msu.edu,45.75,831
832,Chadwick,Trayton,ctraytonn3@homestead.com,38.42,832
833,Gradey,Spargo,gspargon4@wunderground.com,48.46,833
834,Amii,Merkel,amerkeln5@bbc.co.uk,27.76,834
835,Win,Cantos,wcantosn6@imageshack.us,3.56,835
836,Betteanne,Sondon,bsondonn7@sciencedaily.com,46.64,836
837,Goraud,Wildsmith,gwildsmithn8@tripod.com,46.85,837
838,Gusti,Mohammad,gmohammadn9@mayoclinic.com,43.23,838
839,Jerrylee,Message,jmessagena@ihg.com,41.88,839
840,Giordano,Gordon-Giles,ggordongilesnb@umn.edu,11.51,840
841,Boote,Ellsworthe,bellsworthenc@walmart.com,46.16,841
842,Lotta,Canelas,lcanelasnd@free.fr,8.73,842
843,Carson,Cromack,ccromackne@umn.edu,30.75,843
844,Natalie,Strood,nstroodnf@vkontakte.ru,20.37,844
845,Gabe,Sockell,gsockellng@google.com,0.2,845
846,Peirce,Franzoli,pfranzolinh@tamu.edu,13.08,846
847,Eleen,Garbert,egarbertni@reddit.com,22.85,847
848,Babs,Navarijo,bnavarijonj@com.com,37.86,848
849,Sydney,Brandel,sbrandelnk@1und1.de,48.86,849
850,Millisent,Bouttell,mbouttellnl@ted.com,42.82,850
851,Timmie,Beadon,tbeadonnm@blog.com,35.17,851
852,Sabrina,Smellie,ssmellienn@amazon.co.uk,2.52,852
853,Talya,Ohrt,tohrtno@ameblo.jp,9.24,853
854,Hinze,Brellin,hbrellinnp@indiegogo.com,33.99,854
855,Corena,Thebe,cthebenq@wordpress.com,7.92,855
856,Florella,Gorrick,fgorricknr@desdev.cn,33.13,856
857,Janeva,Lemonby,jlemonbyns@google.ru,24.68,857
858,Hattie,Eliesco,heliescont@youtube.com,41.67,858
859,Gavrielle,Beardmore,gbeardmorenu@spiegel.de,39.44,859
860,Ida,Hudleston,ihudlestonnv@wiley.com,22.32,860
861,Christiano,Millett,cmillettnw@youku.com,2.67,861
862,Dorie,Mackness,dmacknessnx@indiatimes.com,33.85,862
863,Glyn,Eassom,geassomny@army.mil,25.02,863
864,Christiana,Stear,cstearnz@unc.edu,29.12,864
865,Benedetta,Clapison,bclapisono0@imgur.com,21.49,865
866,Gennifer,Braidford,gbraidfordo1@stumbleupon.com,31.88,866
867,Aubrette,Heathfield,aheathfieldo2@phpbb.com,7.67,867
868,Brennan,Richley,brichleyo3@acquirethisname.com,25.09,868
869,Tiffany,Tremmel,ttremmelo4@diigo.com,3.53,869
870,Sileas,Burfoot,sburfooto5@desdev.cn,5.22,870
871,Gideon,Biford,gbifordo6@unc.edu,21.18,871
872,Kacy,Wainman,kwainmano7@etsy.com,14.79,872
873,Josh,Meadowcroft,jmeadowcrofto8@nps.gov,29.15,873
874,Igor,Dysert,idyserto9@sina.com.cn,42.89,874
875,Verena,Hallibone,vhalliboneoa@squarespace.com,38.55,875
876,Glenden,Trett,gtrettob@bloomberg.com,24.23,876
877,Lalo,Robecon,lrobeconoc@acquirethisname.com,20.45,877
878,Nils,Leneham,nlenehamod@bizjournals.com,33.17,878
879,Rutherford,Domerque,rdomerqueoe@state.tx.us,33.44,879
880,Olimpia,Biddiss,obiddissof@infoseek.co.jp,14.14,880
881,Brandi,Bradick,bbradickog@scribd.com,36.71,881
882,Wayland,MacSkeaghan,wmacskeaghanoh@chron.com,47.23,882
883,Catherin,Elford,celfordoi@epa.gov,6.43,883
884,Elianora,Lacaze,elacazeoj@ed.gov,23.97,884
885,Marten,Dennison,mdennisonok@hostgator.com,20.65,885
886,Demetris,Shoreman,dshoremanol@google.co.jp,3.02,886
887,Jerrilee,Benech,jbenechom@microsoft.com,37.32,887
888,Claude,Simester,csimesteron@tumblr.com,37.37,888
889,Mattias,Coard,mcoardoo@domainmarket.com,21.44,889
890,Royall,Flinn,rflinnop@is.gd,48.62,890
891,Charmane,Gley,cgleyoq@gnu.org,7.46,891
892,Hastie,Brunsden,hbrunsdenor@etsy.com,48.29,892
893,Taryn,Tribell,ttribellos@psu.edu,11.52,893
894,Darla,Dring,ddringot@google.es,16.57,894
895,Jessika,Bellingham,jbellinghamou@ning.com,45.53,895
896,Florri,Simmonds,fsimmondsov@constantcontact.com,19.53,896
897,Bran,Sheavills,bsheavillsow@e-recht24.de,28.74,897
898,Freddie,Bortoloni,fbortoloniox@admin.ch,38.8,898
899,Felicle,Reolfi,freolfioy@vistaprint.com,37.4,899
900,Tabbie,Keerl,tkeerloz@symantec.com,32.02,900
901,Myranda,Rodolphe,mrodolphep0@mlb.com,30.64,901
902,Steffen,Mongain,smongainp1@squarespace.com,44.08,902
903,Ashil,Iscowitz,aiscowitzp2@cisco.com,30.44,903
904,Virginia,Letts,vlettsp3@arizona.edu,14.42,904
905,Clayson,Leworthy,cleworthyp4@feedburner.com,6.07,905
906,Erminie,Overington,eoveringtonp5@aol.com,41.2,906
907,Andromache,Piche,apichep6@bloglines.com,11.0,907
908,Maude,Montague,mmontaguep7@histats.com,6.07,908
909,Elnar,Silson,esilsonp8@wisc.edu,41.94,909
910,Dreddy,Piesold,dpiesoldp9@sakura.ne.jp,35.3,910
911,Clarie,Bunford,cbunfordpa@wufoo.com,38.69,911
912,Darb,Mawditt,dmawdittpb@alibaba.com,35.68,912
913,Orland,Lucken,oluckenpc@msn.com,6.52,913
914,Corry,Maharry,cmaharrypd@hatena.ne.jp,18.93,914
915,Aveline,Buckle,abucklepe@discovery.com,23.04,915
916,Bert,Chadbourne,bchadbournepf@miitbeian.gov.cn,27.55,916
917,Willabella,Argont,wargontpg@berkeley.edu,28.05,917
918,Sabrina,Cheeseman,scheesemanph@marriott.com,48.74,918
919,Felicio,Henken,fhenkenpi@123-reg.co.uk,39.71,919
920,Herschel,Gabbatt,hgabbattpj@webeden.co.uk,29.5,920
921,Valera,Puckey,vpuckeypk@si.edu,42.27,921
922,Umberto,Beaves,ubeavespl@nyu.edu,22.31,922
923,Tania,Skyner,tskynerpm@arstechnica.com,14.6,923
924,Tiffie,Minors,tminorspn@army.mil,21.06,924
925,Nikola,Willstrop,nwillstroppo@ycombinator.com,15.7,925
926,Cammie,Bussell,cbussellpp@reference.com,8.96,926
927,Rikki,Rockell,rrockellpq@icio.us,10.82,927
928,Cosimo,Mingauld,cmingauldpr@sfgate.com,41.73,928
929,Thalia,Haggith,thaggithps@com.com,37.67,929
930,Audrye,Spinks,aspinkspt@upenn.edu,17.36,930
931,Robinett,Schimann,rschimannpu@ebay.com,39.2,931
932,Gusella,Striker,gstrikerpv@google.com,10.88,932
933,Rock,Zanetto,rzanettopw@sun.com,26.5,933
934,Sephira,Brelsford,sbrelsfordpx@comsenz.com,42.85,934
935,Chery,Brogden,cbrogdenpy@thetimes.co.uk,1.19,935
936,Meagan,Attard,mattardpz@hubpages.com,47.72,936
937,Maurine,Queyos,mqueyosq0@homestead.com,1.02,937
938,Faith,Ollier,follierq1@blogs.com,11.9,938
939,Sonnie,Pounsett,spounsettq2@marriott.com,10.94,939
940,Joycelin,Works,jworksq3@pen.io,23.48,940
941,Gery,Dible,gdibleq4@over-blog.com,0.32,941
942,Sissie,Hartnell,shartnellq5@aboutads.info,3.97,942
943,Winne,Vickar,wvickarq6@yandex.ru,27.78,943
944,Libbi,Erat,leratq7@npr.org,20.9,944
945,Michal,Shalloo,mshallooq8@blinklist.com,19.73,945
946,Norrie,Rout,nroutq9@cdbaby.com,7.17,946
947,Casandra,Georgievski,cgeorgievskiqa@csmonitor.com,1.0,947
948,Gussi,Trippitt,gtrippittqb@vimeo.com,19.51,948
949,Portia,Ord,pordqc@usgs.gov,35.45,949
950,Arney,Pettegre,apettegreqd@nps.gov,1.62,950
951,Lenna,Doles,ldolesqe@rakuten.co.jp,11.58,951
952,Johanna,Ratley,jratleyqf@moonfruit.com,21.63,952
953,Xena,Huerta,xhuertaqg@cornell.edu,40.35,953
954,Lorenzo,Bourthouloume,lbourthouloumeqh@guardian.co.uk,42.48,954
955,Olympia,Edinborough,oedinboroughqi@desdev.cn,3.06,955
956,Anallise,Dislee,adisleeqj@yellowpages.com,21.15,956
957,Nita,Abdee,nabdeeqk@so-net.ne.jp,34.65,957
958,Angus,Petrillo,apetrilloql@apache.org,8.24,958
959,Danika,McCombe,dmccombeqm@github.io,25.78,959
960,Lolly,O' Markey,lomarkeyqn@reference.com,38.25,960
961,Mikey,Roughsedge,mroughsedgeqo@networkadvertising.org,11.64,961
962,Zia,Goman,zgomanqp@ucsd.edu,2.47,962
963,Devondra,Micheli,dmicheliqq@mail.ru,42.77,963
964,Adoree,Sauter,asauterqr@nbcnews.com,2.32,964
965,Valentin,MacClure,vmacclureqs@cdc.gov,24.53,965
966,Ignace,Huskisson,ihuskissonqt@sbwire.com,24.46,966
967,Townsend,Deabill,tdeabillqu@uiuc.edu,37.4,967
968,Barbi,Alexsandrovich,balexsandrovichqv@aboutads.info,16.54,968
969,Ingemar,Peeke,ipeekeqw@geocities.com,47.68,969
970,Marilyn,Dunabie,mdunabieqx@unc.edu,29.08,970
971,Bernadine,Lally,blallyqy@twitpic.com,0.84,971
972,Joachim,Kesey,jkeseyqz@webnode.com,36.39,972
973,Jan,Aim,jaimr0@facebook.com,14.62,973
974,Jillene,Oaker,joakerr1@paginegialle.it,43.24,974
975,Nananne,Worboy,nworboyr2@wiley.com,7.23,975
976,Jo ann,Girdlestone,jgirdlestoner3@seesaa.net,28.47,976
977,Allina,Rawstron,arawstronr4@51.la,33.26,977
978,Dilly,Hemstead,dhemsteadr5@bloglovin.com,36.99,978
979,Liesa,Lamonby,llamonbyr6@unc.edu,5.98,979
980,Eberto,Trewett,etrewettr7@marketwatch.com,34.99,980
981,Annice,Jindracek,ajindracekr8@mit.edu,10.77,981
982,Udale,Beernt,ubeerntr9@elpais.com,10.6,982
983,Lacie,Antonich,lantonichra@typepad.com,34.65,983
984,Roseanne,Avramov,ravramovrb@zdnet.com,7.69,984
985,Sarena,Dziwisz,sdziwiszrc@symantec.com,29.0,985
986,Murielle,Ropp,mropprd@indiegogo.com,15.58,986
987,Tarra,Broadway,tbroadwayre@hugedomains.com,4.13,987
988,Paulie,Saylor,psaylorrf@istockphoto.com,10.02,988
989,Rafael,Cummings,rcummingsrg@51.la,36.64,989
990,Briney,Tute,btuterh@boston.com,36.27,990
991,Jodie,Frangello,jfrangellori@ezinearticles.com,45.54,991
992,Kane,Poleykett,kpoleykettrj@cnet.com,42.37,992
993,Cate,Brummell,cbrummellrk@telegraph.co.uk,13.19,993
994,Eadith,Morigan,emoriganrl@bbc.co.uk,42.4,994
995,Hasty,Cleyburn,hcleyburnrm@tinyurl.com,4.23,995
996,Zena,Feckey,zfeckeyrn@bbb.org,1.72,996
997,Yasmeen,Headington,yheadingtonro@aol.com,1.73,997
998,Emelda,Poxson,epoxsonrp@forbes.com,42.13,998
999,Dasie,Attew,dattewrq@soup.io,37.8,999
1000,Roscoe,Warkup,rwarkuprr@about.com,15.38,1000
1001,admin,admin,admin,0,2001